車種名,モデル,グレード,支払総額,年式,走行距離,修復歴,ミッション,排気量,取得日時,取得日,取得時刻,ソースURL,車両URL
フェアレディZ,情報なし,3.7 ヘリテージエディション 純正ナビTV Bカメラ ETC 純正20アルミ LED,297.8万円,2019(H31),1.4万km,なし,フロアMTモード付7AT,3700CC,2025-06-26T23:38:33.563280,2025-06-26,23:38:33,https://www.carsensor.net/usedcar/index.html?STID=CS210610&AR=&BRDC=&CARC=NI_S026&NINTEI=&CSHOSHO=,https://www.carsensor.net/usedcar/detail/AU6397124866/index.html?TRCD=200002&RESTID=CS210610&LOAN=TSUJO
フェアレディZ,情報なし,3.7 1オーナー 6速MT 純正ナビ バックカメラ,283万円,2016(H28),3.7万km,なし,フロア6MT,3700CC,2025-06-26T23:38:33.566111,2025-06-26,23:38:33,https://www.carsensor.net/usedcar/index.html?STID=CS210610&AR=&BRDC=&CARC=NI_S026&NINTEI=&CSHOSHO=,https://www.carsensor.net/usedcar/detail/AU6397582001/index.html?TRCD=200002&RESTID=CS210610
フェアレディZ,情報なし,3.7 後期型 パナソニックナビ バックカメラ,275.9万円,2020(R02),3.3万km,なし,フロアMTモード付7AT,3700CC,2025-06-26T23:38:33.568862,2025-06-26,23:38:33,https://www.carsensor.net/usedcar/index.html?STID=CS210610&AR=&BRDC=&CARC=NI_S026&NINTEI=&CSHOSHO=,https://www.carsensor.net/usedcar/detail/AU6226365465/index.html?TRCD=200002&RESTID=CS210610&LOAN=TSUJO
フェアレディZ,情報なし,3.0 バージョン T BOSE・TV・ナビ・バックカメラ・ETC2.0,519.8万円,2024(R06),0.6万km,なし,フロアMTモード付9AT,3000CC,2025-06-26T23:38:33.571600,2025-06-26,23:38:33,https://www.carsensor.net/usedcar/index.html?STID=CS210610&AR=&BRDC=&CARC=NI_S026&NINTEI=&CSHOSHO=,https://www.carsensor.net/usedcar/detail/AU6146367966/index.html?TRCD=200002&RESTID=CS210610&LOAN=TSUJO
フェアレディZ,情報なし,3.7 バージョン ST 6速MT HIDヘッドライト シートヒーター,419.9万円,2021(R03),1.6万km,なし,フロア6MT,3700CC,2025-06-26T23:38:33.574361,2025-06-26,23:38:33,https://www.carsensor.net/usedcar/index.html?STID=CS210610&AR=&BRDC=&CARC=NI_S026&NINTEI=&CSHOSHO=,https://www.carsensor.net/usedcar/detail/AU6192069917/index.html?TRCD=200002&RESTID=CS210610&LOAN=TSUJO
フェアレディZ,情報なし,3.7 ヘリテージエディション 純正フルセグナビ　　6速MT　Bカメラ,407.7万円,2018(H30),0.6万km,なし,フロア6MT,3700CC,2025-06-26T23:38:33.577123,2025-06-26,23:38:33,https://www.carsensor.net/usedcar/index.html?STID=CS210610&AR=&BRDC=&CARC=NI_S026&NINTEI=&CSHOSHO=,https://www.carsensor.net/usedcar/detail/AU6251281152/index.html?TRCD=200002&RESTID=CS210610&LOAN=TSUJO
フェアレディZ,情報なし,3.0 6速MT 純正ディスプレイオーディオ,569.9万円,2024(R06),0.1万km,なし,フロア6MT,3000CC,2025-06-26T23:38:33.580005,2025-06-26,23:38:33,https://www.carsensor.net/usedcar/index.html?STID=CS210610&AR=&BRDC=&CARC=NI_S026&NINTEI=&CSHOSHO=,https://www.carsensor.net/usedcar/detail/AU6077123901/index.html?TRCD=200002&RESTID=CS210610&LOAN=TSUJO
フェアレディZ,情報なし,3.7 NISMO 1オーナー 純正ナビ レカロシート ETC,299.8万円,2020(R02),10.6万km,なし,フロア6MT,3700CC,2025-06-26T23:38:33.582751,2025-06-26,23:38:33,https://www.carsensor.net/usedcar/index.html?STID=CS210610&AR=&BRDC=&CARC=NI_S026&NINTEI=&CSHOSHO=,https://www.carsensor.net/usedcar/detail/AU6275006679/index.html?TRCD=200002&RESTID=CS210610&LOAN=TSUJO
フェアレディZ,情報なし,3.0 バージョン ST ワンオーナー　禁煙車　セキュリティパック,610.5万円,2023(R05),0.6万km,なし,フロアMTモード付9AT,3000CC,2025-06-26T23:38:33.585509,2025-06-26,23:38:33,https://www.carsensor.net/usedcar/index.html?STID=CS210610&AR=&BRDC=&CARC=NI_S026&NINTEI=&CSHOSHO=,https://www.carsensor.net/usedcar/detail/AU6330764034/index.html?TRCD=200002&RESTID=CS210610&LOAN=ZNK
フェアレディZ,情報なし,3.7 バージョン T ナビ バックカメラ パワーシート ETC,199.8万円,2013(H25),2.6万km,なし,フロアMTモード付7AT,3700CC,2025-06-26T23:38:33.588147,2025-06-26,23:38:33,https://www.carsensor.net/usedcar/index.html?STID=CS210610&AR=&BRDC=&CARC=NI_S026&NINTEI=&CSHOSHO=,https://www.carsensor.net/usedcar/detail/AU6264927187/index.html?TRCD=200002&RESTID=CS210610
フェアレディZ,情報なし,3.7 後期MT 純正カーウイングスHDDナビ 禁煙車,249.9万円,2018(H30),7.9万km,なし,フロア6MT,3700CC,2025-06-26T23:38:33.590859,2025-06-26,23:38:33,https://www.carsensor.net/usedcar/index.html?STID=CS210610&AR=&BRDC=&CARC=NI_S026&NINTEI=&CSHOSHO=,https://www.carsensor.net/usedcar/detail/AU6340596392/index.html?TRCD=200002&RESTID=CS210610&LOAN=TSUJO
フェアレディZ,情報なし,3.7 バージョン ST 1オーナ 6MT BOSE 電動シート 特別塗装色,214万円,2013(H25),9.6万km,なし,フロア6MT,3700CC,2025-06-26T23:38:33.593564,2025-06-26,23:38:33,https://www.carsensor.net/usedcar/index.html?STID=CS210610&AR=&BRDC=&CARC=NI_S026&NINTEI=&CSHOSHO=,https://www.carsensor.net/usedcar/detail/AU6374826838/index.html?TRCD=200002&RESTID=CS210610
フェアレディZ,情報なし,3.7 MOPナビ/Bカメ/フルセグ/ドラレコ/純18AW,259.8万円,2015(H27),4.8万km,なし,フロア7AT,3700CC,2025-06-26T23:38:33.596247,2025-06-26,23:38:33,https://www.carsensor.net/usedcar/index.html?STID=CS210610&AR=&BRDC=&CARC=NI_S026&NINTEI=&CSHOSHO=,https://www.carsensor.net/usedcar/detail/AU6386133149/index.html?TRCD=200002&RESTID=CS210610
フェアレディZ,情報なし,3.7 バージョン ST 1オナ純正ナビTVリアスポNISMOマフラBOSE,378.8万円,2020(R02),3.4万km,なし,フロア6MT,3700CC,2025-06-26T23:38:33.598994,2025-06-26,23:38:33,https://www.carsensor.net/usedcar/index.html?STID=CS210610&AR=&BRDC=&CARC=NI_S026&NINTEI=&CSHOSHO=,https://www.carsensor.net/usedcar/detail/AU6285225968/index.html?TRCD=200002&RESTID=CS210610&LOAN=TSUJO
フェアレディZ,情報なし,3.0 バージョン ST 自社社用車　純正ナビ　BOSEサウンド,587.2万円,2022(R04),0.2万km,なし,フロア9AT,3000CC,2025-06-26T23:38:33.601710,2025-06-26,23:38:33,https://www.carsensor.net/usedcar/index.html?STID=CS210610&AR=&BRDC=&CARC=NI_S026&NINTEI=&CSHOSHO=,https://www.carsensor.net/usedcar/detail/AU6347796883/index.html?TRCD=200002&RESTID=CS210610&LOAN=TSUJO
フェアレディZ,情報なし,3.0 バージョン T 評価S点 走行距離24km ワンガンブルー,587万円,2025(R07),24km,なし,フロアMTモード付9AT,2990CC,2025-06-26T23:38:33.604398,2025-06-26,23:38:33,https://www.carsensor.net/usedcar/index.html?STID=CS210610&AR=&BRDC=&CARC=NI_S026&NINTEI=&CSHOSHO=,https://www.carsensor.net/usedcar/detail/AU6378220803/index.html?TRCD=200002&RESTID=CS210610&LOAN=TSUJO
フェアレディZ,情報なし,3.7 禁煙車　ワンオーナー,393.3万円,2021(R03),1.9万km,なし,フロア6MT,3700CC,2025-06-26T23:38:33.606567,2025-06-26,23:38:33,https://www.carsensor.net/usedcar/index.html?STID=CS210610&AR=&BRDC=&CARC=NI_S026&NINTEI=&CSHOSHO=,https://www.carsensor.net/usedcar/detail/AU6312981143/index.html?TRCD=200002&RESTID=CS210610
フェアレディZ,情報なし,3.7 バージョン T 純正ナビ 全席パワーシート バックカメラ,219.8万円,2016(H28),6.5万km,なし,フロア7AT,3700CC,2025-06-26T23:38:33.609256,2025-06-26,23:38:33,https://www.carsensor.net/usedcar/index.html?STID=CS210610&AR=&BRDC=&CARC=NI_S026&NINTEI=&CSHOSHO=,https://www.carsensor.net/usedcar/detail/AU6249445508/index.html?TRCD=200002&RESTID=CS210610
フェアレディZ,情報なし,3.7 バージョン T TVナビ Bカメラ 電圧計 油温計 BOSE 後期型,246.8万円,2018(H30),4.5万km,なし,フロアMTモード付7AT,3700CC,2025-06-26T23:38:33.612041,2025-06-26,23:38:33,https://www.carsensor.net/usedcar/index.html?STID=CS210610&AR=&BRDC=&CARC=NI_S026&NINTEI=&CSHOSHO=,https://www.carsensor.net/usedcar/detail/AU6048118142/index.html?TRCD=200002&RESTID=CS210610&LOAN=ZNK
フェアレディZ,情報なし,3.7 バージョン S 純正フルセグナビ　6速MT ドレラコ ETC,398.3万円,2020(R02),2.4万km,なし,フロア6MT,3700CC,2025-06-26T23:38:33.614787,2025-06-26,23:38:33,https://www.carsensor.net/usedcar/index.html?STID=CS210610&AR=&BRDC=&CARC=NI_S026&NINTEI=&CSHOSHO=,https://www.carsensor.net/usedcar/detail/AU6081878702/index.html?TRCD=200002&RESTID=CS210610&LOAN=TSUJO
フェアレディZ,情報なし,3.7 バージョン S 6MT,438.2万円,2021(R03),1.5万km,なし,フロア6MT,3700CC,2025-06-26T23:38:33.617362,2025-06-26,23:38:33,https://www.carsensor.net/usedcar/index.html?STID=CS210610&AR=&BRDC=&CARC=NI_S026&NINTEI=&CSHOSHO=,https://www.carsensor.net/usedcar/detail/AU6354452488/index.html?TRCD=200002&RESTID=CS210610
フェアレディZ,情報なし,3.7 バージョン ST メーカーHDDナビ BOSEサウンドシステム,259.9万円,2018(H30),5.5万km,なし,フロアMTモード付7AT,3700CC,2025-06-26T23:38:33.620125,2025-06-26,23:38:33,https://www.carsensor.net/usedcar/index.html?STID=CS210610&AR=&BRDC=&CARC=NI_S026&NINTEI=&CSHOSHO=,https://www.carsensor.net/usedcar/detail/AU6043750742/index.html?TRCD=200002&RESTID=CS210610&LOAN=TSUJO
フェアレディZ,情報なし,3.0 ナビ/フルセグ/レーダークルーズ/ETC,549.8万円,2024(R06),0.2万km,なし,フロア6MT,3000CC,2025-06-26T23:38:33.622743,2025-06-26,23:38:33,https://www.carsensor.net/usedcar/index.html?STID=CS210610&AR=&BRDC=&CARC=NI_S026&NINTEI=&CSHOSHO=,https://www.carsensor.net/usedcar/detail/AU6308141556/index.html?TRCD=200002&RESTID=CS210610
フェアレディZ,情報なし,3.7 バージョン ST 後期 1オーナー 6速MT ニスモマフラー,347万円,2019(H31),5.1万km,なし,フロア6MT,3700CC,2025-06-26T23:38:33.625452,2025-06-26,23:38:33,https://www.carsensor.net/usedcar/index.html?STID=CS210610&AR=&BRDC=&CARC=NI_S026&NINTEI=&CSHOSHO=,https://www.carsensor.net/usedcar/detail/AU6272453218/index.html?TRCD=200002&RESTID=CS210610
フェアレディZ,情報なし,3.7 レッドキャリパー/リアスポイラー/純正黒AW,269.8万円,2017(H29),0.9万km,なし,フロアMTモード付7AT,3700CC,2025-06-26T23:38:33.628141,2025-06-26,23:38:33,https://www.carsensor.net/usedcar/index.html?STID=CS210610&AR=&BRDC=&CARC=NI_S026&NINTEI=&CSHOSHO=,https://www.carsensor.net/usedcar/detail/AU6367967543/index.html?TRCD=200002&RESTID=CS210610
フェアレディZ,情報なし,3.0 6MT BOSEサウンド 1オーナー コネクトナビ,542.9万円,2024(R06),0.1万km,なし,フロア6MT,3000CC,2025-06-26T23:38:33.630848,2025-06-26,23:38:33,https://www.carsensor.net/usedcar/index.html?STID=CS210610&AR=&BRDC=&CARC=NI_S026&NINTEI=&CSHOSHO=,https://www.carsensor.net/usedcar/detail/AU6181411381/index.html?TRCD=200002&RESTID=CS210610&LOAN=TSUJO
フェアレディZ,情報なし,3.7 バージョン ST 後期 カーウイングスナビ BOSE 禁煙車 HID,334.9万円,2015(H27),1.4万km,なし,フロアMTモード付7AT,3700CC,2025-06-26T23:38:33.633587,2025-06-26,23:38:33,https://www.carsensor.net/usedcar/index.html?STID=CS210610&AR=&BRDC=&CARC=NI_S026&NINTEI=&CSHOSHO=,https://www.carsensor.net/usedcar/detail/AU6363511187/index.html?TRCD=200002&RESTID=CS210610&LOAN=TSUJO
フェアレディZ,情報なし,3.7 バージョン ST ワンオーナー　外ナビ　フルセグTV,278万円,2016(H28),2.1万km,なし,フロアMTモード付7AT,3700CC,2025-06-26T23:38:33.636291,2025-06-26,23:38:33,https://www.carsensor.net/usedcar/index.html?STID=CS210610&AR=&BRDC=&CARC=NI_S026&NINTEI=&CSHOSHO=,https://www.carsensor.net/usedcar/detail/AU6314543204/index.html?TRCD=200002&RESTID=CS210610&LOAN=TSUJO
フェアレディZ,情報なし,3.7 バージョン T 中期型 1オナ WORK20in 車高調 橙半革 ナビ,164.8万円,2013(H25),7.2万km,なし,フロアMTモード付7AT,3700CC,2025-06-26T23:38:33.639074,2025-06-26,23:38:33,https://www.carsensor.net/usedcar/index.html?STID=CS210610&AR=&BRDC=&CARC=NI_S026&NINTEI=&CSHOSHO=,https://www.carsensor.net/usedcar/detail/AU6004444977/index.html?TRCD=200002&RESTID=CS210610&LOAN=TSUJO
フェアレディZ,情報なし,3.0 バージョン S 6MT 禁煙 ステルスグレー ツートンルーフ,559.8万円,2024(R06),0.4万km,なし,フロア6MT,3000CC,2025-06-26T23:38:33.641842,2025-06-26,23:38:33,https://www.carsensor.net/usedcar/index.html?STID=CS210610&AR=&BRDC=&CARC=NI_S026&NINTEI=&CSHOSHO=,https://www.carsensor.net/usedcar/detail/AU6376098008/index.html?TRCD=200002&RESTID=CS210610&LOAN=TSUJO
フェアレディZ,情報なし,3.0 NISMO 専用エアロ・RECAROシート・RAYS鍛造AW,932万円,2024(R06),102km,なし,フロアMTモード付9AT,3000CC,2025-06-26T23:38:36.352969,2025-06-26,23:38:36,https://www.carsensor.net/usedcar/bNI/s026/index2.html,https://www.carsensor.net/usedcar/detail/AU6100789225/index.html?TRCD=200002&RESTID=CS210610
フェアレディZ,情報なし,3.7 バージョン S 6速MT カロッツェリアオーディオ 鍛造AW,270万円,2014(H26),7.5万km,なし,フロア6MT,3700CC,2025-06-26T23:38:36.355720,2025-06-26,23:38:36,https://www.carsensor.net/usedcar/bNI/s026/index2.html,https://www.carsensor.net/usedcar/detail/AU6274244495/index.html?TRCD=200002&RESTID=CS210610&LOAN=TSUJO
フェアレディZ,情報なし,3.7 バージョン T BOSEサウンド 電動シート シートヒーター,177万円,2014(H26),8.9万km,なし,フロアMTモード付7AT,3700CC,2025-06-26T23:38:36.358403,2025-06-26,23:38:36,https://www.carsensor.net/usedcar/bNI/s026/index2.html,https://www.carsensor.net/usedcar/detail/AU6360047433/index.html?TRCD=200002&RESTID=CS210610
フェアレディZ,情報なし,3.7 バージョン ST 6速MT　純正HDDナビ　BOSEスピーカー,395.4万円,2019(R01),2.7万km,なし,フロア6MT,3700CC,2025-06-26T23:38:36.360488,2025-06-26,23:38:36,https://www.carsensor.net/usedcar/bNI/s026/index2.html,https://www.carsensor.net/usedcar/detail/AU6296827967/index.html?TRCD=200002&RESTID=CS210610
フェアレディZ,情報なし,3.0 6MT 純ナビ Bカメラ ETC LEDヘッド 禁煙車,538.1万円,2024(R06),0.5万km,なし,フロア6MT,3000CC,2025-06-26T23:38:36.363169,2025-06-26,23:38:36,https://www.carsensor.net/usedcar/bNI/s026/index2.html,https://www.carsensor.net/usedcar/detail/AU6289780525/index.html?TRCD=200002&RESTID=CS210610&LOAN=TSUJO
フェアレディZ,情報なし,3.0 NISMO 登録済未使用車　BOSE　純正ナビTV,858万円,2025(R07),30km,なし,フロアMTモード付9AT,3000CC,2025-06-26T23:38:36.365865,2025-06-26,23:38:36,https://www.carsensor.net/usedcar/bNI/s026/index2.html,https://www.carsensor.net/usedcar/detail/AU6405481986/index.html?TRCD=200002&RESTID=CS210610
フェアレディZ,情報なし,3.7 バージョン T BOSEサウンド 純正ナビ パドルシフト ETC,211.2万円,2014(H26),5.3万km,なし,フロアMTモード付7AT,3700CC,2025-06-26T23:38:36.368727,2025-06-26,23:38:36,https://www.carsensor.net/usedcar/bNI/s026/index2.html,https://www.carsensor.net/usedcar/detail/AU6387432477/index.html?TRCD=200002&RESTID=CS210610
フェアレディZ,情報なし,3.7 バージョン S 1オーナー 6MT RAYS19AW(TE37) 記録簿付,307万円,2016(H28),7.2万km,なし,フロア6MT,3700CC,2025-06-26T23:38:36.371618,2025-06-26,23:38:36,https://www.carsensor.net/usedcar/bNI/s026/index2.html,https://www.carsensor.net/usedcar/detail/AU6364935336/index.html?TRCD=200002&RESTID=CS210610
フェアレディZ,情報なし,3.7 NISMO RECAROシート NISMOマフラー BOSEサウンド,379.9万円,2018(H30),4.2万km,なし,フロアMTモード付7AT,3700CC,2025-06-26T23:38:36.374365,2025-06-26,23:38:36,https://www.carsensor.net/usedcar/bNI/s026/index2.html,https://www.carsensor.net/usedcar/detail/AU6389178461/index.html?TRCD=200002&RESTID=CS210610
フェアレディZ,情報なし,3.0 バージョン ST 純正9インチ/ナビ・TV・バックカメラ,635万円,2024(R06),0.3万km,なし,フロアMTモード付9AT,3000CC,2025-06-26T23:38:36.376522,2025-06-26,23:38:36,https://www.carsensor.net/usedcar/bNI/s026/index2.html,https://www.carsensor.net/usedcar/detail/AU6366634370/index.html?TRCD=200002&RESTID=CS210610&LOAN=TSUJO
フェアレディZ,情報なし,3.7 NISMO 禁煙 検R8年8月 ナビTV BOSE 19アルミ,369.8万円,2015(H27),4.9万km,なし,フロアMTモード付7AT,3700CC,2025-06-26T23:38:36.379265,2025-06-26,23:38:36,https://www.carsensor.net/usedcar/bNI/s026/index2.html,https://www.carsensor.net/usedcar/detail/AU6366133166/index.html?TRCD=200002&RESTID=CS210610&LOAN=TSUJO
フェアレディZ,情報なし,3.7 NISMO 後期 6速MT アラゴスタ車高調 レカロシート,464万円,2019(R01),5.4万km,なし,フロア6MT,3700CC,2025-06-26T23:38:36.382051,2025-06-26,23:38:36,https://www.carsensor.net/usedcar/bNI/s026/index2.html,https://www.carsensor.net/usedcar/detail/AU6373153896/index.html?TRCD=200002&RESTID=CS210610
フェアレディZ,情報なし,3.7 NISMO 後期MT 特別仕様車 カーウィング,484.9万円,2015(H27),2.3万km,なし,フロア6MT,3700CC,2025-06-26T23:38:36.384842,2025-06-26,23:38:36,https://www.carsensor.net/usedcar/bNI/s026/index2.html,https://www.carsensor.net/usedcar/detail/AU6252860974/index.html?TRCD=200002&RESTID=CS210610&LOAN=TSUJO
フェアレディZ,情報なし,3.7 バージョン S 純正ナビ　バックモニター　地デジ　ETC,353万円,2018(H30),6.6万km,なし,フロア6MT,3700CC,2025-06-26T23:38:36.387042,2025-06-26,23:38:36,https://www.carsensor.net/usedcar/bNI/s026/index2.html,https://www.carsensor.net/usedcar/detail/AU6311785659/index.html?TRCD=200002&RESTID=CS210610&LOAN=TSUJO
フェアレディZ,情報なし,3.7 バージョン ST 6速MT　橙シート　BOSE　ドラレコ,460.4万円,2020(R02),1.6万km,なし,フロアMTモード付6MT,3700CC,2025-06-26T23:38:36.389755,2025-06-26,23:38:36,https://www.carsensor.net/usedcar/bNI/s026/index2.html,https://www.carsensor.net/usedcar/detail/AU6228612723/index.html?TRCD=200002&RESTID=CS210610&LOAN=TSUJO
フェアレディZ,情報なし,3.7 メーカー純正HDDナビ,199.5万円,2012(H24),4万km,なし,フロアMTモード付7AT,3700CC,2025-06-26T23:38:36.392399,2025-06-26,23:38:36,https://www.carsensor.net/usedcar/bNI/s026/index2.html,https://www.carsensor.net/usedcar/detail/AU6344627068/index.html?TRCD=200002&RESTID=CS210610
フェアレディZ,情報なし,3.7 バージョン ニスモ TEIN車高調 FUJITUBO2本出マフラー HDDナビ,254.8万円,2012(H24),8.6万km,なし,フロアMTモード付7AT,3700CC,2025-06-26T23:38:36.395104,2025-06-26,23:38:36,https://www.carsensor.net/usedcar/bNI/s026/index2.html,https://www.carsensor.net/usedcar/detail/AU6331056630/index.html?TRCD=200002&RESTID=CS210610
フェアレディZ,情報なし,3.7 バージョン ST BOSEサウンド ロッソモデロマフラー エアロ,224万円,2015(H27),7.1万km,なし,フロアMTモード付7AT,3700CC,2025-06-26T23:38:36.397812,2025-06-26,23:38:36,https://www.carsensor.net/usedcar/bNI/s026/index2.html,https://www.carsensor.net/usedcar/detail/AU6363325902/index.html?TRCD=200002&RESTID=CS210610
フェアレディZ,情報なし,3.7 NISMO 6速MTNISMOスポリセエンジンオイルク-ラ-,567.8万円,2018(H30),1.7万km,なし,フロア6MT,3700CC,2025-06-26T23:38:36.400556,2025-06-26,23:38:36,https://www.carsensor.net/usedcar/bNI/s026/index2.html,https://www.carsensor.net/usedcar/detail/AU6381108348/index.html?TRCD=200002&RESTID=CS210610&LOAN=TSUJO
フェアレディZ,情報なし,3.0 バージョン ST 新車未登録　6MT　コネクトナビ　19AW,658万円,2025(R07),12km,なし,フロア6MT,3000CC,2025-06-26T23:38:36.403338,2025-06-26,23:38:36,https://www.carsensor.net/usedcar/bNI/s026/index2.html,https://www.carsensor.net/usedcar/detail/AU6287126727/index.html?TRCD=200002&RESTID=CS210610&LOAN=ZNK
フェアレディZ,情報なし,3.7 バージョン T BOSE/HDDナビ/シートヒーター/シート 合皮,185.1万円,2013(H25),6.8万km,なし,フロアMTモード付7AT,3700CC,2025-06-26T23:38:36.406000,2025-06-26,23:38:36,https://www.carsensor.net/usedcar/bNI/s026/index2.html,https://www.carsensor.net/usedcar/detail/AU6366256774/index.html?TRCD=200002&RESTID=CS210610&LOAN=TSUJO
フェアレディZ,情報なし,3.7 NISMO 特別仕様車 カーウィングスナビ BOSE 禁煙,462.9万円,2015(H27),2.1万km,なし,フロアMTモード付7AT,3700CC,2025-06-26T23:38:36.408744,2025-06-26,23:38:36,https://www.carsensor.net/usedcar/bNI/s026/index2.html,https://www.carsensor.net/usedcar/detail/AU6384776556/index.html?TRCD=200002&RESTID=CS210610&LOAN=TSUJO
フェアレディZ,情報なし,3.7 バージョン ST カーウイングスナビ BOSEサウンド,167.9万円,2012(H24),9.7万km,なし,フロアMTモード付7AT,3700CC,2025-06-26T23:38:36.411463,2025-06-26,23:38:36,https://www.carsensor.net/usedcar/bNI/s026/index2.html,https://www.carsensor.net/usedcar/detail/AU6321432369/index.html?TRCD=200002&RESTID=CS210610&LOAN=TSUJO
フェアレディZ,情報なし,3.7 NISMO 禁煙車フルセグ/Bカメ/RECARO/19AW/,609.2万円,2019(R01),0.9万km,なし,フロア6MT,3700CC,2025-06-26T23:38:36.414233,2025-06-26,23:38:36,https://www.carsensor.net/usedcar/bNI/s026/index2.html,https://www.carsensor.net/usedcar/detail/AU6275241071/index.html?TRCD=200002&RESTID=CS210610&LOAN=TSUJO
フェアレディZ,情報なし,3.0 バージョン ST フルセグナビ　バックカメラ　ETC2.0,699.9万円,2025(R07),12km,なし,フロアMTモード付9AT,3000CC,2025-06-26T23:38:36.416995,2025-06-26,23:38:36,https://www.carsensor.net/usedcar/bNI/s026/index2.html,https://www.carsensor.net/usedcar/detail/AU6263126777/index.html?TRCD=200002&RESTID=CS210610&LOAN=TSUJO
フェアレディZ,情報なし,3.0 NISMO 専用色ステルスグレー/新車保証継承/IGLA,836.8万円,2024(R06),0.2万km,なし,フロアMTモード付9AT,3000CC,2025-06-26T23:38:36.419739,2025-06-26,23:38:36,https://www.carsensor.net/usedcar/bNI/s026/index2.html,https://www.carsensor.net/usedcar/detail/AU6220275396/index.html?TRCD=200002&RESTID=CS210610&LOAN=TSUJO
フェアレディZ,情報なし,3.7 NISMO カーウイングスナビ/BOSEサウンド/Bカメラ,682.6万円,2021(R03),0.7万km,なし,フロア6MT,3700CC,2025-06-26T23:38:36.422482,2025-06-26,23:38:36,https://www.carsensor.net/usedcar/bNI/s026/index2.html,https://www.carsensor.net/usedcar/detail/AU6366338195/index.html?TRCD=200002&RESTID=CS210610&LOAN=TSUJO
フェアレディZ,情報なし,3.7 NISMO HDDナビ BOSE Bluetooth ETC フルセグTV,399.8万円,2017(H29),3.1万km,なし,フロアMTモード付7AT,3700CC,2025-06-26T23:38:36.425105,2025-06-26,23:38:36,https://www.carsensor.net/usedcar/bNI/s026/index2.html,https://www.carsensor.net/usedcar/detail/AU6361833276/index.html?TRCD=200002&RESTID=CS210610
フェアレディZ,情報なし,3.7 NISMO 6速MT BOSEサウンド ニスモ専用レカロ,493万円,2015(H27),1.9万km,なし,フロア6MT,3700CC,2025-06-26T23:38:36.427860,2025-06-26,23:38:36,https://www.carsensor.net/usedcar/bNI/s026/index2.html,https://www.carsensor.net/usedcar/detail/AU6397581216/index.html?TRCD=200002&RESTID=CS210610
フェアレディZ,情報なし,3.7 NISMO メーカーナビ ドラレコ ETC BOSEサウンド,369.8万円,2015(H27),8.2万km,なし,フロア6MT,3700CC,2025-06-26T23:38:36.430507,2025-06-26,23:38:36,https://www.carsensor.net/usedcar/bNI/s026/index2.html,https://www.carsensor.net/usedcar/detail/AU6226689494/index.html?TRCD=200002&RESTID=CS210610
フェアレディZ,情報なし,3.7 バージョン ST RAYZ製19AW BOSE 7ATパドル REDキャリパー,253.8万円,2016(H28),8万km,なし,フロアMTモード付7AT,3700CC,2025-06-26T23:38:39.223238,2025-06-26,23:38:39,https://www.carsensor.net/usedcar/bNI/s026/index3.html,https://www.carsensor.net/usedcar/detail/AU6211193736/index.html?TRCD=200002&RESTID=CS210610
フェアレディZ,情報なし,3.7 バージョン ニスモ 後期型 Zスポーツマフラー メーカーナビ,309.9万円,2013(H25),5.4万km,なし,フロアMTモード付7AT,3700CC,2025-06-26T23:38:39.226004,2025-06-26,23:38:39,https://www.carsensor.net/usedcar/bNI/s026/index3.html,https://www.carsensor.net/usedcar/detail/AU6134312742/index.html?TRCD=200002&RESTID=CS210610&LOAN=TSUJO
フェアレディZ,情報なし,3.7 NISMO 純正フルセグナビ　BOSEサウンド　レカロ,693.9万円,2021(R03),0.4万km,なし,フロア6MT,3700CC,2025-06-26T23:38:39.228744,2025-06-26,23:38:39,https://www.carsensor.net/usedcar/bNI/s026/index3.html,https://www.carsensor.net/usedcar/detail/AU6193263290/index.html?TRCD=200002&RESTID=CS210610&LOAN=TSUJO
フェアレディZ,情報なし,3.0 NISMO 新車未登録　コネクトナビ　RAYS19インチ,958万円,2025(R07),15km,なし,フロアMTモード付9AT,3000CC,2025-06-26T23:38:39.231490,2025-06-26,23:38:39,https://www.carsensor.net/usedcar/bNI/s026/index3.html,https://www.carsensor.net/usedcar/detail/AU6376613148/index.html?TRCD=200002&RESTID=CS210610&LOAN=TSUJO
フェアレディZ,情報なし,3.7 NISMO 6MT　バックカメラ　ドラレコ　BOSE,695.2万円,2021(R03),1万km,なし,フロアMTモード付6MT,3700CC,2025-06-26T23:38:39.234195,2025-06-26,23:38:39,https://www.carsensor.net/usedcar/bNI/s026/index3.html,https://www.carsensor.net/usedcar/detail/AU6259391680/index.html?TRCD=200002&RESTID=CS210610&LOAN=TSUJO
フェアレディZ,情報なし,3.7 NISMO 純正フルセグナビ　純正アルミ　レカロ,588.5万円,2019(R01),0.5万km,なし,フロア7AT,3700CC,2025-06-26T23:38:39.236953,2025-06-26,23:38:39,https://www.carsensor.net/usedcar/bNI/s026/index3.html,https://www.carsensor.net/usedcar/detail/AU6343201465/index.html?TRCD=200002&RESTID=CS210610&LOAN=TSUJO
フェアレディZ,情報なし,3.5 バージョン ST タイプG IMPULエアロ・ウィング 黒革暖 ナビ BOSE,114.8万円,2005(H17),2.7万km,なし,フロアMTモード付5AT,3500CC,2025-06-26T23:38:39.239647,2025-06-26,23:38:39,https://www.carsensor.net/usedcar/bNI/s026/index3.html,https://www.carsensor.net/usedcar/detail/AU6277124402/index.html?TRCD=200002&RESTID=CS210610&LOAN=TSUJO
フェアレディZ,情報なし,3.7 メーカーオプションナビ付,339.4万円,2021(R03),3.3万km,なし,フロア6MT,3700CC,2025-06-26T23:38:39.241725,2025-06-26,23:38:39,https://www.carsensor.net/usedcar/bNI/s026/index3.html,https://www.carsensor.net/usedcar/detail/AU6291691585/index.html?TRCD=200002&RESTID=CS210610
フェアレディZ,情報なし,3.7 バージョン ST パドルシフト/半革/ナビ・フルセグ/Bカメラ,146万円,2008(H20),3.7万km,なし,フロアMTモード付7AT,3700CC,2025-06-26T23:38:39.244431,2025-06-26,23:38:39,https://www.carsensor.net/usedcar/bNI/s026/index3.html,https://www.carsensor.net/usedcar/detail/AU6252677586/index.html?TRCD=200002&RESTID=CS210610
フェアレディZ,情報なし,3.7 バージョン ニスモ 社外マフラー HKS車高調 黒半革シート,316万円,2012(H24),1.1万km,なし,フロアMTモード付7AT,3700CC,2025-06-26T23:38:39.247105,2025-06-26,23:38:39,https://www.carsensor.net/usedcar/bNI/s026/index3.html,https://www.carsensor.net/usedcar/detail/AU6348371650/index.html?TRCD=200002&RESTID=CS210610
フェアレディZ,情報なし,3.7 stradaナビ バックカメラ HIDヘッド 禁煙車,119.9万円,2009(H21),6.8万km,なし,フロアMTモード付7AT,3700CC,2025-06-26T23:38:39.249818,2025-06-26,23:38:39,https://www.carsensor.net/usedcar/bNI/s026/index3.html,https://www.carsensor.net/usedcar/detail/AU6216625696/index.html?TRCD=200002&RESTID=CS210610&LOAN=TSUJO
フェアレディZ,情報なし,3.5 バージョン T 社外SDナビ バックカメラ ETC レザーシート,84.8万円,2008(H20),13.3万km,なし,フロアMTモード付5AT,3500CC,2025-06-26T23:38:39.252471,2025-06-26,23:38:39,https://www.carsensor.net/usedcar/bNI/s026/index3.html,https://www.carsensor.net/usedcar/detail/AU6346528489/index.html?TRCD=200002&RESTID=CS210610
フェアレディZ,情報なし,3.7 6速MT 純正HDDナビ バックカメラ ETC,249.9万円,2011(H23),2.9万km,なし,フロア6MT,3700CC,2025-06-26T23:38:39.255362,2025-06-26,23:38:39,https://www.carsensor.net/usedcar/bNI/s026/index3.html,https://www.carsensor.net/usedcar/detail/AU6130841513/index.html?TRCD=200002&RESTID=CS210610&LOAN=TSUJO
フェアレディZ,情報なし,3.5 バージョン T BOSEサウンド 黒革シートヒーター ETC,76万円,2003(H15),4.4万km,なし,フロアMTモード付5AT,3500CC,2025-06-26T23:38:39.258069,2025-06-26,23:38:39,https://www.carsensor.net/usedcar/bNI/s026/index3.html,https://www.carsensor.net/usedcar/detail/AU6262662069/index.html?TRCD=200002&RESTID=CS210610
フェアレディZ,情報なし,3.7 バージョン T パドルAT　黒革シート　ナビTV バックモ二,353.5万円,2020(R02),2.4万km,なし,フロア7AT,3700CC,2025-06-26T23:38:39.260288,2025-06-26,23:38:39,https://www.carsensor.net/usedcar/bNI/s026/index3.html,https://www.carsensor.net/usedcar/detail/AU6389183658/index.html?TRCD=200002&RESTID=CS210610&LOAN=TSUJO
フェアレディZ,情報なし,3.7 バージョン ST 純正ナビ　バックカメラ　ドラレコ　ETC,402.3万円,2020(R02),0.8万km,なし,フロア7AT,3700CC,2025-06-26T23:38:39.263004,2025-06-26,23:38:39,https://www.carsensor.net/usedcar/bNI/s026/index3.html,https://www.carsensor.net/usedcar/detail/AU6391735967/index.html?TRCD=200002&RESTID=CS210610&LOAN=TSUJO
フェアレディZ,情報なし,3.7 40thアニバーサリー 6速MT/赤半革/ナビTV/Bカメラ/BOSE/ETC,214万円,2009(H21),9.2万km,なし,フロア6MT,3700CC,2025-06-26T23:38:39.265778,2025-06-26,23:38:39,https://www.carsensor.net/usedcar/bNI/s026/index3.html,https://www.carsensor.net/usedcar/detail/AU6295374785/index.html?TRCD=200002&RESTID=CS210610&LOAN=TSUJO
フェアレディZ,情報なし,3.0 バージョン ST インテリジェント クルーズコントロール,622.2万円,2022(R04),0.1万km,なし,フロア9AT,3000CC,2025-06-26T23:38:39.268003,2025-06-26,23:38:39,https://www.carsensor.net/usedcar/bNI/s026/index3.html,https://www.carsensor.net/usedcar/detail/AU6262467567/index.html?TRCD=200002&RESTID=CS210610&LOAN=TSUJO
フェアレディZ,情報なし,3.5 バージョン S /6MT/V6/NISMO18AW/HKS車高調/フジツボ/,119万円,2004(H16),11.8万km,あり,フロア6MT,3500CC,2025-06-26T23:38:39.270692,2025-06-26,23:38:39,https://www.carsensor.net/usedcar/bNI/s026/index3.html,https://www.carsensor.net/usedcar/detail/AU6182516133/index.html?TRCD=200002&RESTID=CS210610&LOAN=TSUJO
フェアレディZ,情報なし,3.5 バージョン S 6速MT ブレンボキャリパー ETC,235万円,2003(H15),2.2万km,なし,フロア6MT,3500CC,2025-06-26T23:38:39.273373,2025-06-26,23:38:39,https://www.carsensor.net/usedcar/bNI/s026/index3.html,https://www.carsensor.net/usedcar/detail/AU6348371343/index.html?TRCD=200002&RESTID=CS210610
フェアレディZ,情報なし,3.5 バージョン ST マッドブラック塗装　レカロ2脚　BOSE,112.1万円,2007(H19),9.8万km,なし,フロアMTモード付5AT,3500CC,2025-06-26T23:38:39.276139,2025-06-26,23:38:39,https://www.carsensor.net/usedcar/bNI/s026/index3.html,https://www.carsensor.net/usedcar/detail/AU6390976392/index.html?TRCD=200002&RESTID=CS210610&LOAN=TSUJO
フェアレディZ,情報なし,3.7 ワンオーナー/純正ナビ/フルセグTV/ETC,139.8万円,2010(H22),5.7万km,なし,フロアMTモード付7AT,3700CC,2025-06-26T23:38:39.278984,2025-06-26,23:38:39,https://www.carsensor.net/usedcar/bNI/s026/index3.html,https://www.carsensor.net/usedcar/detail/AU6346528205/index.html?TRCD=200002&RESTID=CS210610
フェアレディZ,情報なし,3.7 バージョン T D席RECARO 外AW 外マフラ ナビ BT音楽 BOSE,134万円,2012(H24),9.7万km,なし,フロアMTモード付7AT,3700CC,2025-06-26T23:38:39.281787,2025-06-26,23:38:39,https://www.carsensor.net/usedcar/bNI/s026/index3.html,https://www.carsensor.net/usedcar/detail/AU6392526509/index.html?TRCD=200002&RESTID=CS210610&LOAN=TSUJO
フェアレディZ,情報なし,3.7 バージョン ST BOSE ヒータ付き電動オレンジ半革シート,149.8万円,2009(H21),5.7万km,なし,フロアMTモード付7AT,3700CC,2025-06-26T23:38:39.284552,2025-06-26,23:38:39,https://www.carsensor.net/usedcar/bNI/s026/index3.html,https://www.carsensor.net/usedcar/detail/AU6338826223/index.html?TRCD=200002&RESTID=CS210610&LOAN=TSUJO
フェアレディZ,情報なし,3.7 40thアニバーサリー 赤革・フジツボマフラー・ナビ地デジカメラ,135.1万円,2009(H21),9.6万km,あり,フロアMTモード付7AT,3700CC,2025-06-26T23:38:39.287258,2025-06-26,23:38:39,https://www.carsensor.net/usedcar/bNI/s026/index3.html,https://www.carsensor.net/usedcar/detail/AU6351584872/index.html?TRCD=200002&RESTID=CS210610&LOAN=TSUJO
フェアレディZ,情報なし,3.7 バージョン T パドルシフト/橙半革/ナビTV/Bカメラ/18AW,259万円,2014(H26),2.8万km,なし,フロアMTモード付7AT,3700CC,2025-06-26T23:38:39.290057,2025-06-26,23:38:39,https://www.carsensor.net/usedcar/bNI/s026/index3.html,https://www.carsensor.net/usedcar/detail/AU6391120613/index.html?TRCD=200002&RESTID=CS210610&LOAN=TSUJO
フェアレディZ,情報なし,3.5 バージョン ST MTモード/セントラル20エアロ/車高調/19AW,180万円,2008(H20),3.3万km,なし,フロアMTモード付5AT,3500CC,2025-06-26T23:38:39.292895,2025-06-26,23:38:39,https://www.carsensor.net/usedcar/bNI/s026/index3.html,https://www.carsensor.net/usedcar/detail/AU6254569369/index.html?TRCD=200002&RESTID=CS210610&LOAN=TSUJO
フェアレディZ,情報なし,3.7 バージョン ST ワンオーナー/6速MT/BOSE/Bカメラ/ETC,405.4万円,2017(H29),1万km,なし,フロア6MT,3700CC,2025-06-26T23:38:39.295595,2025-06-26,23:38:39,https://www.carsensor.net/usedcar/bNI/s026/index3.html,https://www.carsensor.net/usedcar/detail/AU6316374531/index.html?TRCD=200002&RESTID=CS210610&LOAN=TSUJO
フェアレディZ,情報なし,3.7 バージョン ST NISMO製マフラー 禁煙車 オーリンズ車高調,229.9万円,2011(H23),3.4万km,なし,フロア7AT,3700CC,2025-06-26T23:38:39.298390,2025-06-26,23:38:39,https://www.carsensor.net/usedcar/bNI/s026/index3.html,https://www.carsensor.net/usedcar/detail/AU6171118857/index.html?TRCD=200002&RESTID=CS210610&LOAN=TSUJO
フェアレディZ,情報なし,3.7 バージョン T 9inナビ 地デジ BT音楽 暖半革シート BOSE,164万円,2009(H21),6.3万km,なし,フロアMTモード付7AT,3700CC,2025-06-26T23:38:39.301207,2025-06-26,23:38:39,https://www.carsensor.net/usedcar/bNI/s026/index3.html,https://www.carsensor.net/usedcar/detail/AU6200018046/index.html?TRCD=200002&RESTID=CS210610&LOAN=TSUJO
フェアレディZ,情報なし,3.0 バージョン ST ナビBOSE 前後ドラレコ,642万円,2024(R06),710km,なし,フロア6MT,3000CC,2025-06-26T23:38:41.957176,2025-06-26,23:38:41,https://www.carsensor.net/usedcar/bNI/s026/index4.html,https://www.carsensor.net/usedcar/detail/AU6205864679/index.html?TRCD=200002&RESTID=CS210610
フェアレディZ,情報なし,3.7 バージョン ST パドルシフト/NISMOエアロ/HKSマフラー,147万円,2009(H21),9.9万km,なし,フロアMTモード付7AT,3700CC,2025-06-26T23:38:41.959995,2025-06-26,23:38:41,https://www.carsensor.net/usedcar/bNI/s026/index4.html,https://www.carsensor.net/usedcar/detail/AU6304950592/index.html?TRCD=200002&RESTID=CS210610&LOAN=TSUJO
フェアレディZ,情報なし,3.5 バージョン S 社外強化クラッチ 社外LSD ロールゲージ,197万円,2005(H17),9.9万km,なし,フロア6MT,3500CC,2025-06-26T23:38:41.962710,2025-06-26,23:38:41,https://www.carsensor.net/usedcar/bNI/s026/index4.html,https://www.carsensor.net/usedcar/detail/AU6341717429/index.html?TRCD=200002&RESTID=CS210610&LOAN=TSUJO
フェアレディZ,情報なし,3.7 バージョン ST 橙本革暖シート ナビ 地デジ BT音楽 Bカメ,129万円,2008(H20),10万km,なし,フロアMTモード付7AT,3700CC,2025-06-26T23:38:41.965461,2025-06-26,23:38:41,https://www.carsensor.net/usedcar/bNI/s026/index4.html,https://www.carsensor.net/usedcar/detail/AU6132341088/index.html?TRCD=200002&RESTID=CS210610&LOAN=TSUJO
フェアレディZ,情報なし,3.7 関東仕入 HIDライト 純正19インチAW ETC,128万円,2009(H21),8.3万km,なし,フロアMTモード付7AT,3700CC,2025-06-26T23:38:42.056165,2025-06-26,23:38:42,https://www.carsensor.net/usedcar/bNI/s026/index4.html,https://www.carsensor.net/usedcar/detail/AU6330762842/index.html?TRCD=200002&RESTID=CS210610
フェアレディZ,情報なし,3.0 300ZX 2by2,399万円,1984(S59),6万km,なし,フロア5MT,3000CC,2025-06-26T23:38:42.058778,2025-06-26,23:38:42,https://www.carsensor.net/usedcar/bNI/s026/index4.html,https://www.carsensor.net/usedcar/detail/AU6358328673/index.html?TRCD=200002&RESTID=CS210610
フェアレディZ,情報なし,3.7 NISMO パドルシフト/ナビTV/Bカメラ/半革/19AW,407万円,2016(H28),3.1万km,なし,フロアMTモード付7AT,3700CC,2025-06-26T23:38:42.061594,2025-06-26,23:38:42,https://www.carsensor.net/usedcar/bNI/s026/index4.html,https://www.carsensor.net/usedcar/detail/AU6379653943/index.html?TRCD=200002&RESTID=CS210610&LOAN=TSUJO
フェアレディZ,情報なし,3.7 バージョン S 6速MT/ナビTV/車高調/1オーナー/19AW,276万円,2012(H24),6.3万km,なし,フロア6MT,3700CC,2025-06-26T23:38:42.064347,2025-06-26,23:38:42,https://www.carsensor.net/usedcar/bNI/s026/index4.html,https://www.carsensor.net/usedcar/detail/AU6323959487/index.html?TRCD=200002&RESTID=CS210610&LOAN=TSUJO
フェアレディZ,情報なし,3.0 バージョン ST 未登録・内装ブルー・BOSE・パドルシフト,729.2万円,2025(R07),30km,なし,フロアMTモード付9AT,3000CC,2025-06-26T23:38:42.067181,2025-06-26,23:38:42,https://www.carsensor.net/usedcar/bNI/s026/index4.html,https://www.carsensor.net/usedcar/detail/AU6381270335/index.html?TRCD=200002&RESTID=CS210610&LOAN=TSUJO
フェアレディZ,情報なし,3.7 バージョン S メーカーナビ Bカメラ RAYS19インチAW,219.8万円,2009(H21),8.1万km,なし,フロア6MT,3700CC,2025-06-26T23:38:42.069925,2025-06-26,23:38:42,https://www.carsensor.net/usedcar/bNI/s026/index4.html,https://www.carsensor.net/usedcar/detail/AU6248033673/index.html?TRCD=200002&RESTID=CS210610
フェアレディZ,情報なし,3.7 50th アニバーサリー フルセグTV　HDDナビ　50thアニバ-サリ-,335.4万円,2019(R01),1.1万km,なし,フロア7AT,3700CC,2025-06-26T23:38:42.072670,2025-06-26,23:38:42,https://www.carsensor.net/usedcar/bNI/s026/index4.html,https://www.carsensor.net/usedcar/detail/AU6406700777/index.html?TRCD=200002&RESTID=CS210610&LOAN=TSUJO
フェアレディZ,情報なし,3.7 40thアニバーサリー 特別仕様 専用赤革 WORK19AW Gノーズエアロ,144.8万円,2010(H22),9.9万km,あり,フロアMTモード付7AT,3700CC,2025-06-26T23:38:42.074861,2025-06-26,23:38:42,https://www.carsensor.net/usedcar/bNI/s026/index4.html,https://www.carsensor.net/usedcar/detail/AU6407005652/index.html?TRCD=200002&RESTID=CS210610&LOAN=TSUJO
フェアレディZ,情報なし,3.5 バージョン ST HKS車高調　 純正ブレンボキャリパー,217万円,2008(H20),9.4万km,なし,フロア6MT,3500CC,2025-06-26T23:38:42.077581,2025-06-26,23:38:42,https://www.carsensor.net/usedcar/bNI/s026/index4.html,https://www.carsensor.net/usedcar/detail/AU6270605117/index.html?TRCD=200002&RESTID=CS210610&LOAN=TSUJO
フェアレディZ,情報なし,3.0 300ZX ツインターボ 2by2 Tバールーフ /5MT/RealSpeedマフラー/ケーニッヒ18AW/,299万円,1993(H05),8.4万km,あり,フロア5MT,3000CC,2025-06-26T23:38:42.080288,2025-06-26,23:38:42,https://www.carsensor.net/usedcar/bNI/s026/index4.html,https://www.carsensor.net/usedcar/detail/AU6256312246/index.html?TRCD=200002&RESTID=CS210610&LOAN=TSUJO
フェアレディZ,情報なし,3.7 バージョン ニスモ アラゴスタダウンサス RAYS19AW,249万円,2012(H24),6.7万km,なし,フロアMTモード付7AT,3700CC,2025-06-26T23:38:42.082962,2025-06-26,23:38:42,https://www.carsensor.net/usedcar/bNI/s026/index4.html,https://www.carsensor.net/usedcar/detail/AU6373153236/index.html?TRCD=200002&RESTID=CS210610
フェアレディZ,情報なし,3.7 40thアニバーサリー 特別仕様 暖電赤半革 Bカメラ BT音楽 BOSE,169.8万円,2010(H22),8万km,なし,フロアMTモード付7AT,3700CC,2025-06-26T23:38:42.085709,2025-06-26,23:38:42,https://www.carsensor.net/usedcar/bNI/s026/index4.html,https://www.carsensor.net/usedcar/detail/AU6376440361/index.html?TRCD=200002&RESTID=CS210610&LOAN=TSUJO
フェアレディZ,情報なし,3.5 バージョン T 社外エアロ 本革シートヒータ BOSEサウンド,130万円,2005(H17),5万km,なし,フロアMTモード付5AT,3500CC,2025-06-26T23:38:42.088405,2025-06-26,23:38:42,https://www.carsensor.net/usedcar/bNI/s026/index4.html,https://www.carsensor.net/usedcar/detail/AU6361542926/index.html?TRCD=200002&RESTID=CS210610
フェアレディZ,情報なし,3.7 バージョン S 6速MT/インパルECU・ビックスロットル/19AW,269万円,2014(H26),交換車9.8万km,なし,フロア6MT,3700CC,2025-06-26T23:38:42.091151,2025-06-26,23:38:42,https://www.carsensor.net/usedcar/bNI/s026/index4.html,https://www.carsensor.net/usedcar/detail/AU6345821280/index.html?TRCD=200002&RESTID=CS210610&LOAN=TSUJO
フェアレディZ,情報なし,3.5 バージョン T 社外ヘッドライト・マフラー・エアロ・22AW,84.9万円,2002(H14),5.9万km,なし,フロアMTモード付5AT,3500CC,2025-06-26T23:38:42.093806,2025-06-26,23:38:42,https://www.carsensor.net/usedcar/bNI/s026/index4.html,https://www.carsensor.net/usedcar/detail/AU6050943017/index.html?TRCD=200002&RESTID=CS210610
フェアレディZ,情報なし,3.5 タイプF 後期 6速MT BOSEサウンド 赤本革シート,210万円,2008(H20),10.8万km,なし,フロア6MT,3500CC,2025-06-26T23:38:42.096571,2025-06-26,23:38:42,https://www.carsensor.net/usedcar/bNI/s026/index4.html,https://www.carsensor.net/usedcar/detail/AU6353263270/index.html?TRCD=200002&RESTID=CS210610&LOAN=TSUJO
フェアレディZ,情報なし,3.7 バージョン S R1TITANEXTRA製マフラー ナビ,259.9万円,2011(H23),8.2万km,なし,フロア6MT,3700CC,2025-06-26T23:38:42.099309,2025-06-26,23:38:42,https://www.carsensor.net/usedcar/bNI/s026/index4.html,https://www.carsensor.net/usedcar/detail/AU6388457300/index.html?TRCD=200002&RESTID=CS210610&LOAN=TSUJO
フェアレディZ,情報なし,3.0 バージョンS ツインターボ 2シーター 純正5速 ノーマルルーフ 社外マフラー,462.8万円,1998(H10),3.7万km,なし,フロア5MT,3000CC,2025-06-26T23:38:42.101995,2025-06-26,23:38:42,https://www.carsensor.net/usedcar/bNI/s026/index4.html,https://www.carsensor.net/usedcar/detail/AU6020928297/index.html?TRCD=200002&RESTID=CS210610
フェアレディZ,情報なし,3.7 バージョン T 純正HDDナビ　BOSEサウンド　ETC,165.5万円,2010(H22),8.7万km,なし,フロアMTモード付7AT,3700CC,2025-06-26T23:38:42.104759,2025-06-26,23:38:42,https://www.carsensor.net/usedcar/bNI/s026/index4.html,https://www.carsensor.net/usedcar/detail/AU6368160931/index.html?TRCD=200002&RESTID=CS210610&LOAN=TSUJO
フェアレディZ,情報なし,3.5 バージョン ST /6MT/powercraft/brembo/車高調/黒革,139万円,2002(H14),交換車7.3万km,なし,フロア6MT,3500CC,2025-06-26T23:38:42.107513,2025-06-26,23:38:42,https://www.carsensor.net/usedcar/bNI/s026/index4.html,https://www.carsensor.net/usedcar/detail/AU6366635139/index.html?TRCD=200002&RESTID=CS210610&LOAN=TSUJO
フェアレディZ,情報なし,3.5 バージョン T 革シート&ヒーター 43000km BOSE  Bカメラ,98.7万円,2003(H15),4.3万km,なし,フロアMTモード付5AT,3500CC,2025-06-26T23:38:42.109664,2025-06-26,23:38:42,https://www.carsensor.net/usedcar/bNI/s026/index4.html,https://www.carsensor.net/usedcar/detail/AU5965256112/index.html?TRCD=200002&RESTID=CS210610
フェアレディZ,情報なし,3.7 バージョン ST 6速MT 社外マフラー BOSEサウンド,222万円,2008(H20),7.3万km,なし,フロア6MT,3700CC,2025-06-26T23:38:42.112398,2025-06-26,23:38:42,https://www.carsensor.net/usedcar/bNI/s026/index4.html,https://www.carsensor.net/usedcar/detail/AU6285678877/index.html?TRCD=200002&RESTID=CS210610&LOAN=TSUJO
フェアレディZ,情報なし,3.0 NISMO 登録済未使用車/ナビ/バックカメラ/BOSE,900.5万円,2024(R06),14km,なし,フロアMTモード付9AT,3000CC,2025-06-26T23:38:42.115122,2025-06-26,23:38:42,https://www.carsensor.net/usedcar/bNI/s026/index4.html,https://www.carsensor.net/usedcar/detail/AU5990612192/index.html?TRCD=200002&RESTID=CS210610&LOAN=TSUJO
フェアレディZ,情報なし,3.5 バージョン ST 後期 1オーナー 6速MT ブレンボキャリパー,222万円,2007(H19),7.2万km,なし,フロア6MT,3500CC,2025-06-26T23:38:42.118160,2025-06-26,23:38:42,https://www.carsensor.net/usedcar/bNI/s026/index4.html,https://www.carsensor.net/usedcar/detail/AU6349847847/index.html?TRCD=200002&RESTID=CS210610
フェアレディZ,情報なし,3.0 バージョン ST 6速MT　純正9インチナビ　BOSEサウンド,617万円,2024(R06),0.2万km,なし,フロア6MT,3000CC,2025-06-26T23:38:42.121037,2025-06-26,23:38:42,https://www.carsensor.net/usedcar/bNI/s026/index4.html,https://www.carsensor.net/usedcar/detail/AU6048367119/index.html?TRCD=200002&RESTID=CS210610&LOAN=ZNK
フェアレディZ,情報なし,3.5 バージョン T 現行色イカズチイエロー・ナビ・ETC,115.8万円,2003(H15),7.2万km,なし,フロアMTモード付5AT,3500CC,2025-06-26T23:38:42.123716,2025-06-26,23:38:42,https://www.carsensor.net/usedcar/bNI/s026/index4.html,https://www.carsensor.net/usedcar/detail/AU6306317577/index.html?TRCD=200002&RESTID=CS210610
フェアレディZ,情報なし,3.0 バージョンS ツインターボ 2シーター BBS17AW セントラル20マフラー レカロ,455.8万円,1998(H10),5万km,なし,フロア5MT,3000CC,2025-06-26T23:38:44.739641,2025-06-26,23:38:44,https://www.carsensor.net/usedcar/bNI/s026/index5.html,https://www.carsensor.net/usedcar/detail/AU6086761456/index.html?TRCD=200002&RESTID=CS210610
フェアレディZ,情報なし,3.7 NISMO メーカーナビ フルセグTV Bモニター,517.3万円,2021(R03),1.6万km,あり,フロア6MT,3700CC,2025-06-26T23:38:44.742388,2025-06-26,23:38:44,https://www.carsensor.net/usedcar/bNI/s026/index5.html,https://www.carsensor.net/usedcar/detail/AU6351452195/index.html?TRCD=200002&RESTID=CS210610&LOAN=TSUJO
フェアレディZ,情報なし,3.7 バージョン ST 6速マニュアル　カーウィングスHDDナビ,234.9万円,2008(H20),9.5万km,なし,フロア6MT,3700CC,2025-06-26T23:38:44.745333,2025-06-26,23:38:44,https://www.carsensor.net/usedcar/bNI/s026/index5.html,https://www.carsensor.net/usedcar/detail/AU6339358396/index.html?TRCD=200002&RESTID=CS210610&LOAN=TSUJO
フェアレディZ,情報なし,3.7 バージョン S 6MT SDナビ バックカメラ レブコントロール,252.9万円,2009(H21),8.8万km,なし,フロア6MT,3700CC,2025-06-26T23:38:44.748142,2025-06-26,23:38:44,https://www.carsensor.net/usedcar/bNI/s026/index5.html,https://www.carsensor.net/usedcar/detail/AU6373303793/index.html?TRCD=200002&RESTID=CS210610&LOAN=TSUJO
フェアレディZ,情報なし,3.0 バージョン ST 登録済未使用車 ナビBOSE 前後ドラレコ,715万円,2024(R06),20km,なし,フロア6MT,3000CC,2025-06-26T23:38:44.750846,2025-06-26,23:38:44,https://www.carsensor.net/usedcar/bNI/s026/index5.html,https://www.carsensor.net/usedcar/detail/AU5892512786/index.html?TRCD=200002&RESTID=CS210610
フェアレディZ,情報なし,3.5 バージョン ST 当店下取車　禁煙車　6速マニュアルMT,180万円,2004(H16),5.7万km,なし,フロア6MT,3500CC,2025-06-26T23:38:44.753810,2025-06-26,23:38:44,https://www.carsensor.net/usedcar/bNI/s026/index5.html,https://www.carsensor.net/usedcar/detail/AU6378188171/index.html?TRCD=200002&RESTID=CS210610&LOAN=TSUJO
フェアレディZ,情報なし,3.0 300ZX ツインターボ 2by2 Tバールーフ,299万円,2000(H12),7.8万km,なし,フロア4AT,3000CC,2025-06-26T23:38:44.756709,2025-06-26,23:38:44,https://www.carsensor.net/usedcar/bNI/s026/index5.html,https://www.carsensor.net/usedcar/detail/AU6283519547/index.html?TRCD=200002&RESTID=CS210610&LOAN=TSUJO
フェアレディZ,情報なし,3.7 バージョン ニスモ 6速MT 純正HDDナビ 純正19インチAW ETC,317.9万円,2010(H22),8.5万km,なし,フロア6MT,3700CC,2025-06-26T23:38:44.759479,2025-06-26,23:38:44,https://www.carsensor.net/usedcar/bNI/s026/index5.html,https://www.carsensor.net/usedcar/detail/AU6298756379/index.html?TRCD=200002&RESTID=CS210610&LOAN=TSUJO
フェアレディZ,情報なし,3.7 バージョン ST BOSEサウンド バックカメラ ETC付き,310万円,2015(H27),3.1万km,なし,フロアMTモード付7AT,3700CC,2025-06-26T23:38:44.761588,2025-06-26,23:38:44,https://www.carsensor.net/usedcar/bNI/s026/index5.html,https://www.carsensor.net/usedcar/detail/AU6280164347/index.html?TRCD=200002&RESTID=CS210610
フェアレディZ,情報なし,3.0 バージョン ST ConnectナビBOSE 前後ドラレコ,713万円,2024(R06),20km,なし,フロア9AT,3000CC,2025-06-26T23:38:44.764257,2025-06-26,23:38:44,https://www.carsensor.net/usedcar/bNI/s026/index5.html,https://www.carsensor.net/usedcar/detail/AU6081715192/index.html?TRCD=200002&RESTID=CS210610
フェアレディZ,情報なし,3.5 バージョン ST 6速MT ニスモエアロ 純正OPフジツボマフラ,224万円,2003(H15),4.9万km,なし,フロア6MT,3500CC,2025-06-26T23:38:44.766948,2025-06-26,23:38:44,https://www.carsensor.net/usedcar/bNI/s026/index5.html,https://www.carsensor.net/usedcar/detail/AU6382984598/index.html?TRCD=200002&RESTID=CS210610
フェアレディZ,情報なし,3.0 プロト スペック 240台限定車　6速MT　BOSEサウンド,669万円,2023(R05),0.5万km,なし,フロア6MT,3000CC,2025-06-26T23:38:44.769732,2025-06-26,23:38:44,https://www.carsensor.net/usedcar/bNI/s026/index5.html,https://www.carsensor.net/usedcar/detail/AU6154461507/index.html?TRCD=200002&RESTID=CS210610&LOAN=ZNK
フェアレディZ,情報なし,3.7 NISMO ナビフルセグBOSE RECAROシート,655万円,2021(R03),0.4万km,なし,フロア6MT,3700CC,2025-06-26T23:38:44.772411,2025-06-26,23:38:44,https://www.carsensor.net/usedcar/bNI/s026/index5.html,https://www.carsensor.net/usedcar/detail/AU6191919047/index.html?TRCD=200002&RESTID=CS210610
フェアレディZ,情報なし,3.7 NISMO 純正HDDナビ ドラレコ RECAROシート,565万円,2021(R03),1.2万km,なし,フロアMTモード付7AT,3700CC,2025-06-26T23:38:44.775222,2025-06-26,23:38:44,https://www.carsensor.net/usedcar/bNI/s026/index5.html,https://www.carsensor.net/usedcar/detail/AU6399060347/index.html?TRCD=200002&RESTID=CS210610&LOAN=TSUJO
フェアレディZ,情報なし,3.7 NISMO 純正レカロシート/BOSEサウンド/純正ナビ,395.4万円,2014(H26),4.6万km,なし,フロア7AT,3700CC,2025-06-26T23:38:44.777960,2025-06-26,23:38:44,https://www.carsensor.net/usedcar/bNI/s026/index5.html,https://www.carsensor.net/usedcar/detail/AU6363326811/index.html?TRCD=200002&RESTID=CS210610&LOAN=TSUJO
フェアレディZ,情報なし,3.7 NISMO メーカーナビ/バックカメラ/ETC,387.2万円,2014(H26),3.1万km,なし,フロア7AT,3700CC,2025-06-26T23:38:44.780189,2025-06-26,23:38:44,https://www.carsensor.net/usedcar/bNI/s026/index5.html,https://www.carsensor.net/usedcar/detail/AU6157946270/index.html?TRCD=200002&RESTID=CS210610&LOAN=TSUJO
フェアレディZ,情報なし,3.7 6速MT BOSEサウンド 駐車支援システム,500万円,2022(R04),791km,なし,フロア6MT,3700CC,2025-06-26T23:38:44.782969,2025-06-26,23:38:44,https://www.carsensor.net/usedcar/bNI/s026/index5.html,https://www.carsensor.net/usedcar/detail/AU5934343270/index.html?TRCD=200002&RESTID=CS210610&LOAN=ZNK
フェアレディZ,情報なし,3.7 NISMO HDDナビ 前後ドラレコ ワンオーナー,559万円,2020(R02),3.3万km,なし,フロアMTモード付7AT,3700CC,2025-06-26T23:38:44.785218,2025-06-26,23:38:44,https://www.carsensor.net/usedcar/bNI/s026/index5.html,https://www.carsensor.net/usedcar/detail/AU6368331324/index.html?TRCD=200002&RESTID=CS210610&LOAN=TSUJO
フェアレディZ,情報なし,3.7 バージョン ST BOSEサウンド シートヒーター 電動シート,283万円,2014(H26),0.7万km,なし,フロアMTモード付7AT,3700CC,2025-06-26T23:38:44.788015,2025-06-26,23:38:44,https://www.carsensor.net/usedcar/bNI/s026/index5.html,https://www.carsensor.net/usedcar/detail/AU5836530577/index.html?TRCD=200002&RESTID=CS210610&LOAN=ZNK
フェアレディZ,情報なし,3.7 バージョン ST BOSEサウンド 黒半革電動シート ETC,295万円,2015(H27),0.7万km,なし,フロアMTモード付7AT,3700CC,2025-06-26T23:38:44.790792,2025-06-26,23:38:44,https://www.carsensor.net/usedcar/bNI/s026/index5.html,https://www.carsensor.net/usedcar/detail/AU6397582597/index.html?TRCD=200002&RESTID=CS210610
フェアレディZ,情報なし,3.0 バージョン ST 6MT,696.9万円,2025(R07),15km,なし,フロア6MT,3000CC,2025-06-26T23:38:44.793509,2025-06-26,23:38:44,https://www.carsensor.net/usedcar/bNI/s026/index5.html,https://www.carsensor.net/usedcar/detail/AU6366102737/index.html?TRCD=200002&RESTID=CS210610&LOAN=TSUJO
フェアレディZ,情報なし,3.0 バージョン ST カスタマイズドエディションバンパー6MT,655.5万円,2024(R06),347km,なし,フロア6MT,3000CC,2025-06-26T23:38:44.796275,2025-06-26,23:38:44,https://www.carsensor.net/usedcar/bNI/s026/index5.html,https://www.carsensor.net/usedcar/detail/AU6252708666/index.html?TRCD=200002&RESTID=CS210610&LOAN=TSUJO
フェアレディZ,情報なし,3.0 新車保証継承付　禁煙車　432オレンジ,603.8万円,2024(R06),0.1万km,なし,フロアMTモード付9AT,3000CC,2025-06-26T23:38:44.799084,2025-06-26,23:38:44,https://www.carsensor.net/usedcar/bNI/s026/index5.html,https://www.carsensor.net/usedcar/detail/AU5957380648/index.html?TRCD=200002&RESTID=CS210610&LOAN=TSUJO
フェアレディZ,情報なし,3.0 バージョン ST 登録済　バージョンST,735.8万円,2025(R07),17km,なし,フロア6MT,3000CC,2025-06-26T23:38:44.801872,2025-06-26,23:38:44,https://www.carsensor.net/usedcar/bNI/s026/index5.html,https://www.carsensor.net/usedcar/detail/AU6308121382/index.html?TRCD=200002&RESTID=CS210610&LOAN=TSUJO
フェアレディZ,情報なし,3.0 バージョン ST 6MT　日産コネクトナビ　バックカメラ,667万円,2024(R06),105km,なし,フロア6MT,3000CC,2025-06-26T23:38:44.804025,2025-06-26,23:38:44,https://www.carsensor.net/usedcar/bNI/s026/index5.html,https://www.carsensor.net/usedcar/detail/AU6010848852/index.html?TRCD=200002&RESTID=CS210610
フェアレディZ,情報なし,3.0 新車保証継承付 6MT 1オーナ ナビ　Bカメラ,602.7万円,2024(R06),559km,なし,フロア6MT,3000CC,2025-06-26T23:38:44.806783,2025-06-26,23:38:44,https://www.carsensor.net/usedcar/bNI/s026/index5.html,https://www.carsensor.net/usedcar/detail/AU5957413561/index.html?TRCD=200002&RESTID=CS210610&LOAN=TSUJO
フェアレディZ,情報なし,3.0 バージョン S MY24登録済未使用車6速MT19インチAWNCナビ,618.2万円,2025(R07),21km,なし,フロア6MT,3000CC,2025-06-26T23:38:44.809617,2025-06-26,23:38:44,https://www.carsensor.net/usedcar/bNI/s026/index5.html,https://www.carsensor.net/usedcar/detail/AU6343506532/index.html?TRCD=200002&RESTID=CS210610&LOAN=TSUJO
フェアレディZ,情報なし,3.0 バージョン ST MY24登録済未使用車6速MT19インチAWNCナビ,653.2万円,2025(R07),10km,なし,フロア6MT,3000CC,2025-06-26T23:38:44.812458,2025-06-26,23:38:44,https://www.carsensor.net/usedcar/bNI/s026/index5.html,https://www.carsensor.net/usedcar/detail/AU6193510855/index.html?TRCD=200002&RESTID=CS210610&LOAN=TSUJO
フェアレディZ,情報なし,3.0 バージョン T レッド革スエード調コンビシート/BOSE,480万円,2024(R06),1.1万km,なし,フロアMTモード付9AT,3000CC,2025-06-26T23:38:44.815252,2025-06-26,23:38:44,https://www.carsensor.net/usedcar/bNI/s026/index5.html,https://www.carsensor.net/usedcar/detail/AU6399065193/index.html?TRCD=200002&RESTID=CS210610&LOAN=TSUJO
フェアレディZ,情報なし,3.0 バージョン ST 1オーナー　BOSE　 RAYS製鍛造19アルミ,629.9万円,2023(R05),0.4万km,なし,フロアMTモード付9AT,3000CC,2025-06-26T23:38:44.818031,2025-06-26,23:38:44,https://www.carsensor.net/usedcar/bNI/s026/index5.html,https://www.carsensor.net/usedcar/detail/AU6377599572/index.html?TRCD=200002&RESTID=CS210610&LOAN=ZNK
フェアレディZ,情報なし,3.0 バージョン ST 法人ワンオーナー/6MT/ブルー本革/BOSE,575万円,2024(R06),0.7万km,なし,フロア6MT,3000CC,2025-06-26T23:38:47.580015,2025-06-26,23:38:47,https://www.carsensor.net/usedcar/bNI/s026/index6.html,https://www.carsensor.net/usedcar/detail/AU6196577005/index.html?TRCD=200002&RESTID=CS210610
フェアレディZ,情報なし,3.0 バージョン ST ハーフレザー 純正ナビ バックカメラ,551.6万円,2024(R06),1万km,なし,フロアMTモード付9AT,3000CC,2025-06-26T23:38:47.582841,2025-06-26,23:38:47,https://www.carsensor.net/usedcar/bNI/s026/index6.html,https://www.carsensor.net/usedcar/detail/AU6402218130/index.html?TRCD=200002&RESTID=CS210610&LOAN=TSUJO
フェアレディZ,情報なし,3.7 バージョン ST BOSE Pシート シートヒーター ETC 禁煙車,399.9万円,2020(R02),1万km,なし,フロア6MT,3700CC,2025-06-26T23:38:47.585614,2025-06-26,23:38:47,https://www.carsensor.net/usedcar/bNI/s026/index6.html,https://www.carsensor.net/usedcar/detail/AU5948600412/index.html?TRCD=200002&RESTID=CS210610&LOAN=TSUJO
フェアレディZ,情報なし,3.0 禁煙1オーナーBOSEドラレコ9型純正ナビ,517.7万円,2024(R06),0.9万km,なし,フロアMTモード付6MT,3000CC,2025-06-26T23:38:47.589779,2025-06-26,23:38:47,https://www.carsensor.net/usedcar/bNI/s026/index6.html,https://www.carsensor.net/usedcar/detail/AU6400661479/index.html?TRCD=200002&RESTID=CS210610&LOAN=TSUJO
フェアレディZ,情報なし,3.7 バージョン S 社外Fバンパー バックカメラ 鍛造19AW,330万円,2017(H29),2.9万km,なし,フロアMTモード付6MT,3700CC,2025-06-26T23:38:47.592647,2025-06-26,23:38:47,https://www.carsensor.net/usedcar/bNI/s026/index6.html,https://www.carsensor.net/usedcar/detail/AU5961589147/index.html?TRCD=200002&RESTID=CS210610&LOAN=ZNK
フェアレディZ,情報なし,3.7 バージョン ST フジツボマフラー BOSEサウンド Bカメラ,375.4万円,2020(R02),2.7万km,なし,フロアMTモード付7AT,3700CC,2025-06-26T23:38:47.595473,2025-06-26,23:38:47,https://www.carsensor.net/usedcar/bNI/s026/index6.html,https://www.carsensor.net/usedcar/detail/AU6244403913/index.html?TRCD=200002&RESTID=CS210610&LOAN=TSUJO
フェアレディZ,情報なし,3.0 NISMO MY24登録済未使用車9速ATナビレカロシート,904.4万円,2025(R07),12km,なし,フロアMTモード付9AT,3000CC,2025-06-26T23:38:47.598311,2025-06-26,23:38:47,https://www.carsensor.net/usedcar/bNI/s026/index6.html,https://www.carsensor.net/usedcar/detail/AU6335477640/index.html?TRCD=200002&RESTID=CS210610&LOAN=TSUJO
フェアレディZ,情報なし,3.0 バージョン ST MY24登録済未使用車6速MT19インチAWNCナビ,653.2万円,2025(R07),10km,なし,フロア6MT,3000CC,2025-06-26T23:38:47.601133,2025-06-26,23:38:47,https://www.carsensor.net/usedcar/bNI/s026/index6.html,https://www.carsensor.net/usedcar/detail/AU6187236124/index.html?TRCD=200002&RESTID=CS210610&LOAN=TSUJO
フェアレディZ,情報なし,3.0 バージョン ST MY24登録済未使用車6速MT19インチAWNCナビ,653.2万円,2025(R07),10km,なし,フロア6MT,3000CC,2025-06-26T23:38:47.603889,2025-06-26,23:38:47,https://www.carsensor.net/usedcar/bNI/s026/index6.html,https://www.carsensor.net/usedcar/detail/AU6338671636/index.html?TRCD=200002&RESTID=CS210610&LOAN=TSUJO
フェアレディZ,情報なし,3.0 バージョン ST MY24登録済未使用車6速MT19インチAWNCナビ,653.2万円,2025(R07),8km,なし,フロアMTモード付6MT,3000CC,2025-06-26T23:38:47.606656,2025-06-26,23:38:47,https://www.carsensor.net/usedcar/bNI/s026/index6.html,https://www.carsensor.net/usedcar/detail/AU6158116401/index.html?TRCD=200002&RESTID=CS210610&LOAN=TSUJO
フェアレディZ,情報なし,3.0 純正ナビTV/Bカメラ/HKSマフラー/1オーナー,554.9万円,2024(R06),1万km,なし,フロア6MT,3000CC,2025-06-26T23:38:47.609459,2025-06-26,23:38:47,https://www.carsensor.net/usedcar/bNI/s026/index6.html,https://www.carsensor.net/usedcar/detail/AU6228324920/index.html?TRCD=200002&RESTID=CS210610&LOAN=TSUJO
フェアレディZ,情報なし,3.0 バージョン ST BOSEサウンド/前席シートヒーター/,576万円,2022(R04),1.4万km,なし,フロア9AT,3000CC,2025-06-26T23:38:47.612040,2025-06-26,23:38:47,https://www.carsensor.net/usedcar/bNI/s026/index6.html,https://www.carsensor.net/usedcar/detail/AU6167531826/index.html?TRCD=200002&RESTID=CS210610
フェアレディZ,情報なし,3.7 ヘリテージエディション 後期 ニスモ19AW(LMZ5) 専用シート&内装,285万円,2018(H30),5.3万km,なし,フロアMTモード付7AT,3700CC,2025-06-26T23:38:47.614817,2025-06-26,23:38:47,https://www.carsensor.net/usedcar/bNI/s026/index6.html,https://www.carsensor.net/usedcar/detail/AU6069431961/index.html?TRCD=200002&RESTID=CS210610&LOAN=ZNK
フェアレディZ,情報なし,3.0 バージョン ST TRUST製フロント・サイド・リヤエアロ装着,669.5万円,2023(R05),20km,なし,フロア6MT,3000CC,2025-06-26T23:38:47.617579,2025-06-26,23:38:47,https://www.carsensor.net/usedcar/bNI/s026/index6.html,https://www.carsensor.net/usedcar/detail/AU6252708812/index.html?TRCD=200002&RESTID=CS210610&LOAN=TSUJO
フェアレディZ,情報なし,3.0 バージョン ST 登録済未使用車　6MT　日産コネクトナビ,670万円,2024(R06),13km,なし,フロア6MT,3000CC,2025-06-26T23:38:47.620257,2025-06-26,23:38:47,https://www.carsensor.net/usedcar/bNI/s026/index6.html,https://www.carsensor.net/usedcar/detail/AU6156330288/index.html?TRCD=200002&RESTID=CS210610
フェアレディZ,情報なし,3.0 バージョン ST NCナビTVドラレコ前後ETCキッキングプレ-ト,619.6万円,2024(R06),869km,なし,フロアMTモード付9AT,3000CC,2025-06-26T23:38:47.623040,2025-06-26,23:38:47,https://www.carsensor.net/usedcar/bNI/s026/index6.html,https://www.carsensor.net/usedcar/detail/AU6402247623/index.html?TRCD=200002&RESTID=CS210610&LOAN=TSUJO
フェアレディZ,情報なし,3.0 バージョン ST,717.8万円,2024(R06),110km,なし,フロア6MT,3000CC,2025-06-26T23:38:47.625653,2025-06-26,23:38:47,https://www.carsensor.net/usedcar/bNI/s026/index6.html,https://www.carsensor.net/usedcar/detail/AU6020960724/index.html?TRCD=200002&RESTID=CS210610
フェアレディZ,情報なし,3.7 バージョン T テイン車高調　HKSマフラー　ワークアルミ,179.8万円,2015(H27),9.3万km,なし,フロアMTモード付7AT,3700CC,2025-06-26T23:38:47.627892,2025-06-26,23:38:47,https://www.carsensor.net/usedcar/bNI/s026/index6.html,https://www.carsensor.net/usedcar/detail/AU6392687205/index.html?TRCD=200002&RESTID=CS210610&LOAN=TSUJO
フェアレディZ,情報なし,3.0 バージョン ST 本革シート ワンオーナー,587.5万円,2022(R04),0.2万km,なし,フロアMTモード付9AT,3000CC,2025-06-26T23:38:47.630489,2025-06-26,23:38:47,https://www.carsensor.net/usedcar/bNI/s026/index6.html,https://www.carsensor.net/usedcar/detail/AU6390975121/index.html?TRCD=200002&RESTID=CS210610
フェアレディZ,情報なし,3.7 バージョン S 6速MT ETC バックカメラ 鍛造19AW,297万円,2012(H24),4.1万km,なし,フロア6MT,3700CC,2025-06-26T23:38:47.633238,2025-06-26,23:38:47,https://www.carsensor.net/usedcar/bNI/s026/index6.html,https://www.carsensor.net/usedcar/detail/AU6364933576/index.html?TRCD=200002&RESTID=CS210610
フェアレディZ,情報なし,3.7 バージョン S ニスモマフラー・社外ドライブレコーダー,453.6万円,2019(R01),0.9万km,なし,フロア6MT,3700CC,2025-06-26T23:38:47.636040,2025-06-26,23:38:47,https://www.carsensor.net/usedcar/bNI/s026/index6.html,https://www.carsensor.net/usedcar/detail/AU6351274777/index.html?TRCD=200002&RESTID=CS210610&LOAN=TSUJO
フェアレディZ,情報なし,3.7 バージョン ST 1オーナー BOSEサウンド 半革シートヒータ,315万円,2017(H29),3.1万km,なし,フロアMTモード付7AT,3700CC,2025-06-26T23:38:47.639005,2025-06-26,23:38:47,https://www.carsensor.net/usedcar/bNI/s026/index6.html,https://www.carsensor.net/usedcar/detail/AU6071042619/index.html?TRCD=200002&RESTID=CS210610&LOAN=ZNK
フェアレディZ,情報なし,3.7 バージョン T BOSEサウンド 半革電動シート バックカメラ,202万円,2016(H28),7.8万km,なし,フロアMTモード付7AT,3700CC,2025-06-26T23:38:47.641877,2025-06-26,23:38:47,https://www.carsensor.net/usedcar/bNI/s026/index6.html,https://www.carsensor.net/usedcar/detail/AU6405621734/index.html?TRCD=200002&RESTID=CS210610
フェアレディZ,情報なし,3.7 バージョン S 6速MT ETC 純正ナビ バックカメラ,194万円,2014(H26),12.8万km,なし,フロア6MT,3700CC,2025-06-26T23:38:47.644606,2025-06-26,23:38:47,https://www.carsensor.net/usedcar/bNI/s026/index6.html,https://www.carsensor.net/usedcar/detail/AU6407186498/index.html?TRCD=200002&RESTID=CS210610
フェアレディZ,情報なし,3.7 バージョン ST BOSEサウンド・純正ドライブレコーダー,453.4万円,2020(R02),2.8万km,なし,フロア6MT,3700CC,2025-06-26T23:38:47.647372,2025-06-26,23:38:47,https://www.carsensor.net/usedcar/bNI/s026/index6.html,https://www.carsensor.net/usedcar/detail/AU6368154720/index.html?TRCD=200002&RESTID=CS210610&LOAN=TSUJO
フェアレディZ,情報なし,3.0 バージョン ST NISMOスポーツリセッティング　BOSE　ETC,561.7万円,2023(R05),1.8万km,なし,フロア9AT,3000CC,2025-06-26T23:38:47.650102,2025-06-26,23:38:47,https://www.carsensor.net/usedcar/bNI/s026/index6.html,https://www.carsensor.net/usedcar/detail/AU6374988937/index.html?TRCD=200002&RESTID=CS210610
フェアレディZ,情報なし,3.7 バージョン ST BOSEサウンド 半革電動シート シートヒータ,313万円,2015(H27),2.5万km,なし,フロアMTモード付7AT,3700CC,2025-06-26T23:38:47.652916,2025-06-26,23:38:47,https://www.carsensor.net/usedcar/bNI/s026/index6.html,https://www.carsensor.net/usedcar/detail/AU6081905876/index.html?TRCD=200002&RESTID=CS210610&LOAN=ZNK
フェアレディZ,情報なし,3.7 バージョン S 6速MT/ナビ/TV/リアカメラ/1年保証付,292.4万円,2013(H25),4.1万km,なし,フロア6MT,3700CC,2025-06-26T23:38:47.655546,2025-06-26,23:38:47,https://www.carsensor.net/usedcar/bNI/s026/index6.html,https://www.carsensor.net/usedcar/detail/AU6237965361/index.html?TRCD=200002&RESTID=CS210610
フェアレディZ,情報なし,3.7 バージョン S ガルウィング　走行10000キロ　マニュアル,408万円,2016(H28),1万km,なし,フロア6MT,3700CC,2025-06-26T23:38:47.658143,2025-06-26,23:38:47,https://www.carsensor.net/usedcar/bNI/s026/index6.html,https://www.carsensor.net/usedcar/detail/VU3448998828/index.html?TRCD=200002&RESTID=CS210610
フェアレディZ,情報なし,3.0 バージョン ST 新車保証継承付　ワンオーナー　6MT　BOSE,662.2万円,2022(R04),29km,なし,フロア6MT,3000CC,2025-06-26T23:38:47.660862,2025-06-26,23:38:47,https://www.carsensor.net/usedcar/bNI/s026/index6.html,https://www.carsensor.net/usedcar/detail/AU6078738040/index.html?TRCD=200002&RESTID=CS210610&LOAN=TSUJO
フェアレディZ,情報なし,3.0 バージョン ST 登録済未使用車MY24モデル,718.1万円,2024(R06),17km,なし,フロア6MT,3000CC,2025-06-26T23:38:50.311353,2025-06-26,23:38:50,https://www.carsensor.net/usedcar/bNI/s026/index7.html,https://www.carsensor.net/usedcar/detail/AU5756372981/index.html?TRCD=200002&RESTID=CS210610
フェアレディZ,情報なし,3.0 バージョン ST ボーズサウンド　仕様変更後モデル,640.3万円,2023(R05),0.3万km,なし,フロアMTモード付9AT,3000CC,2025-06-26T23:38:50.313652,2025-06-26,23:38:50,https://www.carsensor.net/usedcar/bNI/s026/index7.html,https://www.carsensor.net/usedcar/detail/AU6009109795/index.html?TRCD=200002&RESTID=CS210610&LOAN=TSUJO
フェアレディZ,情報なし,3.0 バージョン ST ブルーハーフレザー　シートヒーター,632.2万円,2024(R06),479km,なし,フロア6MT,3000CC,2025-06-26T23:38:50.316384,2025-06-26,23:38:50,https://www.carsensor.net/usedcar/bNI/s026/index7.html,https://www.carsensor.net/usedcar/detail/AU6241032792/index.html?TRCD=200002&RESTID=CS210610&LOAN=TSUJO
フェアレディZ,情報なし,3.0 バージョン ST メーカーナビ・TVフルセグ・バックモニター,668万円,2025(R07),11km,なし,フロア6MT,3000CC,2025-06-26T23:38:50.319055,2025-06-26,23:38:50,https://www.carsensor.net/usedcar/bNI/s026/index7.html,https://www.carsensor.net/usedcar/detail/AU6215074975/index.html?TRCD=200002&RESTID=CS210610&LOAN=TSUJO
フェアレディZ,情報なし,3.7 バージョン T 純正ナビ　Bカメラ　ETC　シートヒーター,149.9万円,2012(H24),7.4万km,なし,フロア7AT,3700CC,2025-06-26T23:38:50.321258,2025-06-26,23:38:50,https://www.carsensor.net/usedcar/bNI/s026/index7.html,https://www.carsensor.net/usedcar/detail/AU6376279184/index.html?TRCD=200002&RESTID=CS210610&LOAN=TSUJO
フェアレディZ,情報なし,3.0 NISMO 純正メモリーナビ/フルセグ　AT　1オーナー,930万円,2025(R07),50km,なし,フロアMTモード付9AT,3000CC,2025-06-26T23:38:50.323978,2025-06-26,23:38:50,https://www.carsensor.net/usedcar/bNI/s026/index7.html,https://www.carsensor.net/usedcar/detail/AU6188526313/index.html?TRCD=200002&RESTID=CS210610&LOAN=TSUJO
フェアレディZ,情報なし,3.7 バージョン S サイバーナビ HID リアビスカスLSD 禁煙車,212.9万円,2012(H24),12.3万km,なし,フロア6MT,3700CC,2025-06-26T23:38:50.326686,2025-06-26,23:38:50,https://www.carsensor.net/usedcar/bNI/s026/index7.html,https://www.carsensor.net/usedcar/detail/AU6244101594/index.html?TRCD=200002&RESTID=CS210610&LOAN=TSUJO
フェアレディZ,情報なし,3.7 後期型 インナーブラック 純正トノカバー,316万円,2017(H29),1.5万km,なし,フロアMTモード付7AT,3700CC,2025-06-26T23:38:50.329439,2025-06-26,23:38:50,https://www.carsensor.net/usedcar/bNI/s026/index7.html,https://www.carsensor.net/usedcar/detail/AU5912802375/index.html?TRCD=200002&RESTID=CS210610&LOAN=ZNK
フェアレディZ,情報なし,3.0 NISMO MY24登録済未使用車9速ATナビレカロシート,904.4万円,2025(R07),10km,なし,フロアMTモード付9AT,3000CC,2025-06-26T23:38:50.332177,2025-06-26,23:38:50,https://www.carsensor.net/usedcar/bNI/s026/index7.html,https://www.carsensor.net/usedcar/detail/AU6335345838/index.html?TRCD=200002&RESTID=CS210610&LOAN=TSUJO
フェアレディZ,情報なし,3.7 後期モデル　ニスモリアウイング　社外ナビ,249.8万円,2019(R01),9.4万km,なし,フロアMTモード付7AT,3700CC,2025-06-26T23:38:50.334387,2025-06-26,23:38:50,https://www.carsensor.net/usedcar/bNI/s026/index7.html,https://www.carsensor.net/usedcar/detail/AU6193385416/index.html?TRCD=200002&RESTID=CS210610&LOAN=TSUJO
フェアレディZ,情報なし,3.7 バージョン ST 純正HDDナビBカメラハーフレザーリアスポ,347.7万円,2018(H30),3.5万km,なし,フロア7AT,3700CC,2025-06-26T23:38:50.337142,2025-06-26,23:38:50,https://www.carsensor.net/usedcar/bNI/s026/index7.html,https://www.carsensor.net/usedcar/detail/AU6397100004/index.html?TRCD=200002&RESTID=CS210610&LOAN=ZNK
フェアレディZ,情報なし,3.0 バージョン ST 新車保証継承付　BOSE　ナビ　Bカメラ,684.3万円,2024(R06),0.1万km,なし,フロア9AT,3000CC,2025-06-26T23:38:50.339824,2025-06-26,23:38:50,https://www.carsensor.net/usedcar/bNI/s026/index7.html,https://www.carsensor.net/usedcar/detail/AU6073995971/index.html?TRCD=200002&RESTID=CS210610&LOAN=TSUJO
フェアレディZ,情報なし,3.7 バージョン ST BOSEサウンドシステム,356.8万円,2020(R02),5.2万km,なし,フロア7AT,3700CC,2025-06-26T23:38:50.342433,2025-06-26,23:38:50,https://www.carsensor.net/usedcar/bNI/s026/index7.html,https://www.carsensor.net/usedcar/detail/AU6384299647/index.html?TRCD=200002&RESTID=CS210610
フェアレディZ,情報なし,3.0 プロト スペック 6MT LEDヘッドライト 19インチAW,684.5万円,2022(R04),0.5万km,なし,フロア6MT,3000CC,2025-06-26T23:38:50.345290,2025-06-26,23:38:50,https://www.carsensor.net/usedcar/bNI/s026/index7.html,https://www.carsensor.net/usedcar/detail/AU6009430768/index.html?TRCD=200002&RESTID=CS210610&LOAN=TSUJO
フェアレディZ,情報なし,3.0 バージョン ST ツインターボ 6速ミッション 当社展示車,720万円,2024(R06),21km,なし,フロア6MT,3000CC,2025-06-26T23:38:50.347451,2025-06-26,23:38:50,https://www.carsensor.net/usedcar/bNI/s026/index7.html,https://www.carsensor.net/usedcar/detail/AU5883125526/index.html?TRCD=200002&RESTID=CS210610&LOAN=TSUJO
フェアレディZ,情報なし,3.0 NISMO 新車保証継承,893.4万円,2024(R06),0.4万km,なし,フロアMTモード付9AT,3000CC,2025-06-26T23:38:50.349484,2025-06-26,23:38:50,https://www.carsensor.net/usedcar/bNI/s026/index7.html,https://www.carsensor.net/usedcar/detail/AU6211908155/index.html?TRCD=200002&RESTID=CS210610
フェアレディZ,情報なし,3.0 プロト スペック 240台限定車/鍛造19インチAW/BOSE,578万円,2022(R04),2.6万km,なし,フロア6MT,3000CC,2025-06-26T23:38:50.352070,2025-06-26,23:38:50,https://www.carsensor.net/usedcar/bNI/s026/index7.html,https://www.carsensor.net/usedcar/detail/AU6338519151/index.html?TRCD=200002&RESTID=CS210610
フェアレディZ,情報なし,3.0 NISMO 専用19インチAW　専用スポーツシート,960万円,2024(R06),20km,なし,フロアMTモード付9AT,3000CC,2025-06-26T23:38:50.354127,2025-06-26,23:38:50,https://www.carsensor.net/usedcar/bNI/s026/index7.html,https://www.carsensor.net/usedcar/detail/AU6152993115/index.html?TRCD=200002&RESTID=CS210610
フェアレディZ,情報なし,3.7 NISMO 純正メーカーナビBOSEフルセグRECAROシート,419.8万円,2016(H28),4.5万km,なし,フロアMTモード付7AT,3700CC,2025-06-26T23:38:50.356794,2025-06-26,23:38:50,https://www.carsensor.net/usedcar/bNI/s026/index7.html,https://www.carsensor.net/usedcar/detail/AU6378761740/index.html?TRCD=200002&RESTID=CS210610
フェアレディZ,情報なし,3.0 バージョン ST 6速MT　VR30DDTT　405ps,679.9万円,2024(R06),41km,なし,フロア6MT,3000CC,2025-06-26T23:38:50.359512,2025-06-26,23:38:50,https://www.carsensor.net/usedcar/bNI/s026/index7.html,https://www.carsensor.net/usedcar/detail/AU6237982670/index.html?TRCD=200002&RESTID=CS210610&LOAN=TSUJO
フェアレディZ,情報なし,3.0 バージョン ST 9インチナビ　本革シート　川崎市高津区,680万円,2024(R06),305km,なし,フロアMTモード付9AT,3000CC,2025-06-26T23:38:50.362122,2025-06-26,23:38:50,https://www.carsensor.net/usedcar/bNI/s026/index7.html,https://www.carsensor.net/usedcar/detail/AU6160893368/index.html?TRCD=200002&RESTID=CS210610
フェアレディZ,情報なし,3.7 バージョン S 6速MT HKSマフラー デイトナステアリング,280万円,2012(H24),9.6万km,なし,フロア6MT,3700CC,2025-06-26T23:38:50.364880,2025-06-26,23:38:50,https://www.carsensor.net/usedcar/bNI/s026/index7.html,https://www.carsensor.net/usedcar/detail/AU5934344765/index.html?TRCD=200002&RESTID=CS210610&LOAN=ZNK
フェアレディZ,情報なし,3.0 NISMO NISMO専用ドライブセレクター/RECAROシート,985万円,2024(R06),155km,なし,フロアMTモード付9AT,3000CC,2025-06-26T23:38:50.366989,2025-06-26,23:38:50,https://www.carsensor.net/usedcar/bNI/s026/index7.html,https://www.carsensor.net/usedcar/detail/AU6270599946/index.html?TRCD=200002&RESTID=CS210610
フェアレディZ,情報なし,3.0 バージョン ST ナビ　ETC　　電動シート　ACC付,679.9万円,2024(R06),15km,なし,フロアMTモード付9AT,3000CC,2025-06-26T23:38:50.369740,2025-06-26,23:38:50,https://www.carsensor.net/usedcar/bNI/s026/index7.html,https://www.carsensor.net/usedcar/detail/AU6071997040/index.html?TRCD=200002&RESTID=CS210610&LOAN=TSUJO
フェアレディZ,情報なし,3.0 NISMO,881.2万円,2024(R06),0.6万km,なし,フロア9AT,3000CC,2025-06-26T23:38:50.372397,2025-06-26,23:38:50,https://www.carsensor.net/usedcar/bNI/s026/index7.html,https://www.carsensor.net/usedcar/detail/AU6402074579/index.html?TRCD=200002&RESTID=CS210610
フェアレディZ,情報なし,3.0 NISMO 新車保証継承付 1オーナー BOSE RECARO,970.6万円,2024(R06),17km,なし,フロア9AT,3000CC,2025-06-26T23:38:50.375085,2025-06-26,23:38:50,https://www.carsensor.net/usedcar/bNI/s026/index7.html,https://www.carsensor.net/usedcar/detail/AU6134014654/index.html?TRCD=200002&RESTID=CS210610&LOAN=TSUJO
フェアレディZ,情報なし,3.0 バージョン ST 届出済未使用車 衝突軽減B キーフリー,739.9万円,2025(R07),18km,なし,フロアMTモード付9AT,3000CC,2025-06-26T23:38:50.377809,2025-06-26,23:38:50,https://www.carsensor.net/usedcar/bNI/s026/index7.html,https://www.carsensor.net/usedcar/detail/AU6311024688/index.html?TRCD=200002&RESTID=CS210610&LOAN=TSUJO
フェアレディZ,情報なし,3.0 バージョン ST 未使用車 6速MT BOSE ETC2.0,745.4万円,2024(R06),5km,なし,フロア6MT,3000CC,2025-06-26T23:38:50.380460,2025-06-26,23:38:50,https://www.carsensor.net/usedcar/bNI/s026/index7.html,https://www.carsensor.net/usedcar/detail/AU5882013093/index.html?TRCD=200002&RESTID=CS210610
フェアレディZ,情報なし,3.0 NISMO NISMO専用19インチAW NISMO専用エアロ,1132万円,2024(R06),14km,なし,フロアMTモード付9AT,3000CC,2025-06-26T23:38:50.383102,2025-06-26,23:38:50,https://www.carsensor.net/usedcar/bNI/s026/index7.html,https://www.carsensor.net/usedcar/detail/AU6025719179/index.html?TRCD=200002&RESTID=CS210610&LOAN=TSUJO
フェアレディZ,情報なし,3.0 NISMO レカロシート BOSEサウンドスピーカー,1010.5万円,2025(R07),19km,なし,フロアMTモード付9AT,3000CC,2025-06-26T23:38:50.385835,2025-06-26,23:38:50,https://www.carsensor.net/usedcar/bNI/s026/index7.html,https://www.carsensor.net/usedcar/detail/AU6247826671/index.html?TRCD=200002&RESTID=CS210610&LOAN=ZNK
フェアレディZ,情報なし,3.7 NISMO 純正フルセグナビ　BOSE　レカロシート,635.7万円,2021(R03),0.6万km,なし,フロア7AT,3700CC,2025-06-26T23:38:53.103050,2025-06-26,23:38:53,https://www.carsensor.net/usedcar/bNI/s026/index8.html,https://www.carsensor.net/usedcar/detail/AU6358337115/index.html?TRCD=200002&RESTID=CS210610&LOAN=TSUJO
フェアレディZ,情報なし,3.5 バージョン T 6速MT BOSEサウンド 黒革シートヒーター,188万円,2002(H14),2.9万km,なし,フロア6MT,3500CC,2025-06-26T23:38:53.105716,2025-06-26,23:38:53,https://www.carsensor.net/usedcar/bNI/s026/index8.html,https://www.carsensor.net/usedcar/detail/AU6270780703/index.html?TRCD=200002&RESTID=CS210610
フェアレディZ,情報なし,3.5 バージョン S 6速MT メモリ-ナビTV キセノン 19AW 車高調,110.5万円,2003(H15),10万km,なし,フロア6MT,3500CC,2025-06-26T23:38:53.108372,2025-06-26,23:38:53,https://www.carsensor.net/usedcar/bNI/s026/index8.html,https://www.carsensor.net/usedcar/detail/AU6403514715/index.html?TRCD=200002&RESTID=CS210610
フェアレディZ,情報なし,3.0 バージョン ST 6MT BOSE 黒革 19AW,695万円,2024(R06),174km,なし,フロア6MT,3000CC,2025-06-26T23:38:53.110417,2025-06-26,23:38:53,https://www.carsensor.net/usedcar/bNI/s026/index8.html,https://www.carsensor.net/usedcar/detail/AU6343192738/index.html?TRCD=200002&RESTID=CS210610
フェアレディZ,情報なし,ニスモ,1098万円,2024(R06),58km,なし,その他AT,3000CC,2025-06-26T23:38:53.112438,2025-06-26,23:38:53,https://www.carsensor.net/usedcar/bNI/s026/index8.html,https://www.carsensor.net/usedcar/detail/AU6015097910/index.html?TRCD=200002&RESTID=CS210610
フェアレディZ,情報なし,3.5 バージョン S オプションマフラー　18AW　純ブレンボ,193.9万円,2003(H15),2.9万km,なし,フロア6MT,3500CC,2025-06-26T23:38:53.115146,2025-06-26,23:38:53,https://www.carsensor.net/usedcar/bNI/s026/index8.html,https://www.carsensor.net/usedcar/detail/AU6396971330/index.html?TRCD=200002&RESTID=CS210610&LOAN=TSUJO
フェアレディZ,情報なし,3.5 MTモード/純正ナビ・バックカメラ/18AW,92万円,2006(H18),3.3万km,なし,フロアMTモード付5AT,3500CC,2025-06-26T23:38:53.117863,2025-06-26,23:38:53,https://www.carsensor.net/usedcar/bNI/s026/index8.html,https://www.carsensor.net/usedcar/detail/AU6157768514/index.html?TRCD=200002&RESTID=CS210610&LOAN=TSUJO
フェアレディZ,情報なし,3.0 300ZX ツインターボ 2by2 Tバールーフ 5速MT　純正BBS17インチアルミ,517万円,1996(H08),1万km,なし,フロア5MT,3000CC,2025-06-26T23:38:53.120504,2025-06-26,23:38:53,https://www.carsensor.net/usedcar/bNI/s026/index8.html,https://www.carsensor.net/usedcar/detail/AU6377744315/index.html?TRCD=200002&RESTID=CS210610&LOAN=TSUJO
フェアレディZ,情報なし,3.5 バージョン T 本革シート フジツボマフラー ナビ TV,75.9万円,2003(H15),7.2万km,なし,フロア5AT,3500CC,2025-06-26T23:38:53.123044,2025-06-26,23:38:53,https://www.carsensor.net/usedcar/bNI/s026/index8.html,https://www.carsensor.net/usedcar/detail/AU6353126945/index.html?TRCD=200002&RESTID=CS210610
フェアレディZ,情報なし,3.5 バージョン T BOSE 純正ナビ 本革S 車高調 HKSマフラ-,85.7万円,2007(H19),8.7万km,なし,フロア5AT,3500CC,2025-06-26T23:38:53.125670,2025-06-26,23:38:53,https://www.carsensor.net/usedcar/bNI/s026/index8.html,https://www.carsensor.net/usedcar/detail/AU6022672682/index.html?TRCD=200002&RESTID=CS210610
フェアレディZ,情報なし,3.0 300ZX ツインターボ 2by2 Tバールーフ,215万円,1997(H09),不明,あり,フロア5MT,3000CC,2025-06-26T23:38:53.127810,2025-06-26,23:38:53,https://www.carsensor.net/usedcar/bNI/s026/index8.html,https://www.carsensor.net/usedcar/detail/AU6295216494/index.html?TRCD=200002&RESTID=CS210610&LOAN=TSUJO
フェアレディZ,情報なし,3.5 バージョン T バックカメラ ETC　黒革シート,69.8万円,2003(H15),6.3万km,なし,フロアMTモード付5AT,3500CC,2025-06-26T23:38:53.129982,2025-06-26,23:38:53,https://www.carsensor.net/usedcar/bNI/s026/index8.html,https://www.carsensor.net/usedcar/detail/AU6387425882/index.html?TRCD=200002&RESTID=CS210610&LOAN=TSUJO
フェアレディZ,情報なし,3.5 バージョン S HKSスーパーチャージャー　セントラル20ECU,302万円,2004(H16),2.3万km,なし,フロア6MT,3500CC,2025-06-26T23:38:53.132687,2025-06-26,23:38:53,https://www.carsensor.net/usedcar/bNI/s026/index8.html,https://www.carsensor.net/usedcar/detail/AU6225387124/index.html?TRCD=200002&RESTID=CS210610&LOAN=TSUJO
フェアレディZ,情報なし,3.7 6速MT 3連サブメーター 純正ナビ,176万円,2010(H22),9.4万km,なし,フロア6MT,3700CC,2025-06-26T23:38:53.135380,2025-06-26,23:38:53,https://www.carsensor.net/usedcar/bNI/s026/index8.html,https://www.carsensor.net/usedcar/detail/AU6217390018/index.html?TRCD=200002&RESTID=CS210610&LOAN=TSUJO
フェアレディZ,情報なし,3.7 バージョン S プッシュスタート スマートキー ドラレコ,169.7万円,2008(H20),10.5万km,なし,フロア6MT,3700CC,2025-06-26T23:38:53.138027,2025-06-26,23:38:53,https://www.carsensor.net/usedcar/bNI/s026/index8.html,https://www.carsensor.net/usedcar/detail/AU6371523682/index.html?TRCD=200002&RESTID=CS210610
フェアレディZ,情報なし,3.7 1年保証付 修復歴無 6速M/T 新車保証書付,199万円,2013(H25),7万km,なし,フロア6MT,3700CC,2025-06-26T23:38:53.140112,2025-06-26,23:38:53,https://www.carsensor.net/usedcar/bNI/s026/index8.html,https://www.carsensor.net/usedcar/detail/AU6287131136/index.html?TRCD=200002&RESTID=CS210610
フェアレディZ,情報なし,3.0 バージョンS ツインターボ 2by2 Tバールーフ 修復歴無　純正5速MT　フルノーマル,245万円,1994(H06),15.5万km,なし,フロア5MT,3000CC,2025-06-26T23:38:53.142773,2025-06-26,23:38:53,https://www.carsensor.net/usedcar/bNI/s026/index8.html,https://www.carsensor.net/usedcar/detail/AU6179015852/index.html?TRCD=200002&RESTID=CS210610&LOAN=TSUJO
フェアレディZ,情報なし,3.0 リアスポイラー　BSM　パドルシフト　ACC,586.2万円,2025(R07),812km,なし,フロア9AT,3000CC,2025-06-26T23:38:53.144854,2025-06-26,23:38:53,https://www.carsensor.net/usedcar/bNI/s026/index8.html,https://www.carsensor.net/usedcar/detail/AU6312988678/index.html?TRCD=200002&RESTID=CS210610
フェアレディZ,情報なし,3.7 バージョン ST 社外デイライト 黒半革電動シート ETC,140万円,2010(H22),6.1万km,なし,フロアMTモード付7AT,3700CC,2025-06-26T23:38:53.147533,2025-06-26,23:38:53,https://www.carsensor.net/usedcar/bNI/s026/index8.html,https://www.carsensor.net/usedcar/detail/AU6203135336/index.html?TRCD=200002&RESTID=CS210610
フェアレディZ,情報なし,3.0 300ZX ツインターボ 2by2 Tバールーフ,148万円,1989(H01),13.8万km,なし,フロア4AT,3000CC,2025-06-26T23:38:53.149637,2025-06-26,23:38:53,https://www.carsensor.net/usedcar/bNI/s026/index8.html,https://www.carsensor.net/usedcar/detail/AU5831609318/index.html?TRCD=200002&RESTID=CS210610
フェアレディZ,情報なし,3.5 momoハンドル RECAROシート 社外マフラー,138.8万円,2005(H17),11.6万km,なし,フロア6MT,3500CC,2025-06-26T23:38:53.152397,2025-06-26,23:38:53,https://www.carsensor.net/usedcar/bNI/s026/index8.html,https://www.carsensor.net/usedcar/detail/AU6401943074/index.html?TRCD=200002&RESTID=CS210610
フェアレディZ,情報なし,3.7 WORK18inAW　純正サスペンション・マフラー,88万円,2010(H22),13.2万km,あり,フロアMTモード付7AT,3700CC,2025-06-26T23:38:53.155148,2025-06-26,23:38:53,https://www.carsensor.net/usedcar/bNI/s026/index8.html,https://www.carsensor.net/usedcar/detail/AU6402255457/index.html?TRCD=200002&RESTID=CS210610&LOAN=TSUJO
フェアレディZ,情報なし,3.0 登録済未使用車,598.2万円,2025(R07),19km,なし,フロアMTモード付9AT,3000CC,2025-06-26T23:38:53.157246,2025-06-26,23:38:53,https://www.carsensor.net/usedcar/bNI/s026/index8.html,https://www.carsensor.net/usedcar/detail/AU6333926859/index.html?TRCD=200002&RESTID=CS210610
フェアレディZ,情報なし,3.5 バージョン ST BOSEサウンド ETC シートヒーター 純正ナビ,127万円,2006(H18),2.9万km,なし,フロアMTモード付5AT,3500CC,2025-06-26T23:38:53.159911,2025-06-26,23:38:53,https://www.carsensor.net/usedcar/bNI/s026/index8.html,https://www.carsensor.net/usedcar/detail/AU6294902695/index.html?TRCD=200002&RESTID=CS210610&LOAN=TSUJO
フェアレディZ,情報なし,3.0 300ZX 2by2 Tバールーフ 現　状渡し　フルエアロ,120万円,1990(H02),不明,なし,フロア5MT,3000CC,2025-06-26T23:38:53.162009,2025-06-26,23:38:53,https://www.carsensor.net/usedcar/bNI/s026/index8.html,https://www.carsensor.net/usedcar/detail/AU6295219287/index.html?TRCD=200002&RESTID=CS210610&LOAN=TSUJO
フェアレディZ,情報なし,3.5 バージョン ST タイプG MTモード/ナビ/ニスモAW/茶革/リアスポ/ETC,102万円,2006(H18),7.8万km,なし,フロアMTモード付5AT,3500CC,2025-06-26T23:38:53.164755,2025-06-26,23:38:53,https://www.carsensor.net/usedcar/bNI/s026/index8.html,https://www.carsensor.net/usedcar/detail/AU6213677501/index.html?TRCD=200002&RESTID=CS210610&LOAN=TSUJO
フェアレディZ,情報なし,3.5 社外GTウイング 社外ナビ ETC,56万円,2004(H16),8.6万km,なし,フロアMTモード付5AT,3500CC,2025-06-26T23:38:53.167455,2025-06-26,23:38:53,https://www.carsensor.net/usedcar/bNI/s026/index8.html,https://www.carsensor.net/usedcar/detail/AU5847256641/index.html?TRCD=200002&RESTID=CS210610&LOAN=ZNK
フェアレディZ,情報なし,3.5 バージョン T BOSEサウンド TEIN車高調 黒革電動シート,86万円,2002(H14),4.3万km,なし,フロアMTモード付5AT,3500CC,2025-06-26T23:38:53.170214,2025-06-26,23:38:53,https://www.carsensor.net/usedcar/bNI/s026/index8.html,https://www.carsensor.net/usedcar/detail/AU6088175097/index.html?TRCD=200002&RESTID=CS210610&LOAN=ZNK
フェアレディZ,情報なし,3.7 バージョン T /SACLAM/WORK19AW/BRITZ車高調/BOSE/,149万円,2009(H21),7.1万km,なし,フロアMTモード付7AT,3700CC,2025-06-26T23:38:53.172853,2025-06-26,23:38:53,https://www.carsensor.net/usedcar/bNI/s026/index8.html,https://www.carsensor.net/usedcar/detail/AU6392849911/index.html?TRCD=200002&RESTID=CS210610
フェアレディZ,情報なし,3.7 バージョン T 禁煙BOSE後期型RECAROシートETC,119.8万円,2012(H24),7.1万km,なし,フロアMTモード付7AT,3700CC,2025-06-26T23:38:53.175567,2025-06-26,23:38:53,https://www.carsensor.net/usedcar/bNI/s026/index8.html,https://www.carsensor.net/usedcar/detail/AU6401319127/index.html?TRCD=200002&RESTID=CS210610&LOAN=TSUJO
フェアレディZ,情報なし,3.5 35thアニバーサリー 6MT 社外ナビ フルセグ レカロシート  純AW,199.8万円,2005(H17),4.3万km,なし,フロア6MT,3500CC,2025-06-26T23:38:55.804722,2025-06-26,23:38:55,https://www.carsensor.net/usedcar/bNI/s026/index9.html,https://www.carsensor.net/usedcar/detail/AU6314688142/index.html?TRCD=200002&RESTID=CS210610
フェアレディZ,情報なし,3.5 保証付　車検整備付,84.6万円,2002(H14),5万km,なし,フロアMTモード付5AT,3500CC,2025-06-26T23:38:55.806951,2025-06-26,23:38:55,https://www.carsensor.net/usedcar/bNI/s026/index9.html,https://www.carsensor.net/usedcar/detail/AU6340267516/index.html?TRCD=200002&RESTID=CS210610&LOAN=TSUJO
フェアレディZ,情報なし,3.0 300ZX ツインターボ 2by2 Tバールーフ 純正レザーシート　リアスポイラー,200万円,1999(H11),17.3万km,なし,フロア4AT,3000CC,2025-06-26T23:38:55.809696,2025-06-26,23:38:55,https://www.carsensor.net/usedcar/bNI/s026/index9.html,https://www.carsensor.net/usedcar/detail/AU6277119730/index.html?TRCD=200002&RESTID=CS210610&LOAN=TSUJO
フェアレディZ,情報なし,3.0 バージョン ST /6速MT/BOSEサウンド/純RAYS鍛造19inAW,651.8万円,2023(R05),208km,なし,フロア6MT,3000CC,2025-06-26T23:38:55.812389,2025-06-26,23:38:55,https://www.carsensor.net/usedcar/bNI/s026/index9.html,https://www.carsensor.net/usedcar/detail/AU5839545385/index.html?TRCD=200002&RESTID=CS210610&LOAN=TSUJO
フェアレディZ,情報なし,3.7 50th アニバーサリー ホワイトパール/ブラッドレッド2トーン,378.7万円,2019(R01),0.9万km,なし,フロアMTモード付7AT,3700CC,2025-06-26T23:38:55.815469,2025-06-26,23:38:55,https://www.carsensor.net/usedcar/bNI/s026/index9.html,https://www.carsensor.net/usedcar/detail/AU6218677917/index.html?TRCD=200002&RESTID=CS210610
フェアレディZ,情報なし,3.0 バージョン T 純正ナビ/TV/バックカメラ,630万円,2023(R05),0.8万km,なし,フロアMTモード付9AT,3000CC,2025-06-26T23:38:55.818305,2025-06-26,23:38:55,https://www.carsensor.net/usedcar/bNI/s026/index9.html,https://www.carsensor.net/usedcar/detail/AU4713707579/index.html?TRCD=200002&RESTID=CS210610
フェアレディZ,情報なし,3.0 バージョン T BOSE/パドルシフト,549万円,2023(R05),0.3万km,なし,フロア9AT,3000CC,2025-06-26T23:38:55.821022,2025-06-26,23:38:55,https://www.carsensor.net/usedcar/bNI/s026/index9.html,https://www.carsensor.net/usedcar/detail/AU6382704645/index.html?TRCD=200002&RESTID=CS210610
フェアレディZ,情報なし,3.7 バージョン T バックモニター　キセノンライト,224.7万円,2013(H25),2.4万km,なし,フロアMTモード付7AT,3700CC,2025-06-26T23:38:55.823761,2025-06-26,23:38:55,https://www.carsensor.net/usedcar/bNI/s026/index9.html,https://www.carsensor.net/usedcar/detail/AU6379472247/index.html?TRCD=200002&RESTID=CS210610&LOAN=TSUJO
フェアレディZ,情報なし,3.7 バージョン ニスモ クスコ車高調 ENKEI18AW 黒半革シート,256万円,2011(H23),4.4万km,なし,フロアMTモード付7AT,3700CC,2025-06-26T23:38:55.826605,2025-06-26,23:38:55,https://www.carsensor.net/usedcar/bNI/s026/index9.html,https://www.carsensor.net/usedcar/detail/AU6102465915/index.html?TRCD=200002&RESTID=CS210610&LOAN=ZNK
フェアレディZ,情報なし,3.7 バージョン T 純正ナビ Bカメラ パドルシフト TRC ETC,142.3万円,2010(H22),7.2万km,なし,フロア7AT,3700CC,2025-06-26T23:38:55.829409,2025-06-26,23:38:55,https://www.carsensor.net/usedcar/bNI/s026/index9.html,https://www.carsensor.net/usedcar/detail/AU6358341077/index.html?TRCD=200002&RESTID=CS210610&LOAN=TSUJO
フェアレディZ,情報なし,3.7 バージョン ST マニュアル　車高調　オーディオカスタム,180万円,2009(H21),14.3万km,なし,フロア6MT,3700CC,2025-06-26T23:38:55.831578,2025-06-26,23:38:55,https://www.carsensor.net/usedcar/bNI/s026/index9.html,https://www.carsensor.net/usedcar/detail/AU6285231390/index.html?TRCD=200002&RESTID=CS210610&LOAN=TSUJO
フェアレディZ,情報なし,3.0 300ZX 2by2 Tバールーフ 18インチAW A/C動作確認済　タイベル交換済,122.8万円,1995(H07),16.3万km,なし,フロア4AT,3000CC,2025-06-26T23:38:55.833635,2025-06-26,23:38:55,https://www.carsensor.net/usedcar/bNI/s026/index9.html,https://www.carsensor.net/usedcar/detail/AU6300194141/index.html?TRCD=200002&RESTID=CS210610
フェアレディZ,情報なし,SR20ターボE/G　パワーFC　S14タービン Z32エアフロ　550インジェクター　車高調,628万円,1976(S51),12.3万km,あり,フロア5MT,2000CC,2025-06-26T23:38:55.836306,2025-06-26,23:38:55,https://www.carsensor.net/usedcar/bNI/s026/index9.html,https://www.carsensor.net/usedcar/detail/AU6282199339/index.html?TRCD=200002&RESTID=CS210610&LOAN=TSUJO
フェアレディZ,情報なし,3.7 後期モデル純正18AW スマートキーHID,361万円,2017(H29),2.7万km,なし,フロア6MT,3700CC,2025-06-26T23:38:55.838486,2025-06-26,23:38:55,https://www.carsensor.net/usedcar/bNI/s026/index9.html,https://www.carsensor.net/usedcar/detail/AU3599661545/index.html?TRCD=200002&RESTID=CS210610&LOAN=TSUJO
フェアレディZ,情報なし,3.5 バージョン ST,249万円,2004(H16),2.1万km,なし,フロア6MT,3500CC,2025-06-26T23:38:55.841200,2025-06-26,23:38:55,https://www.carsensor.net/usedcar/bNI/s026/index9.html,https://www.carsensor.net/usedcar/detail/AU6243116486/index.html?TRCD=200002&RESTID=CS210610&LOAN=TSUJO
フェアレディZ,情報なし,3.7 バージョン T /1オーナー/メーカーナビ/BOSE/Pシフト/,149万円,2009(H21),4.4万km,なし,フロアMTモード付7AT,3700CC,2025-06-26T23:38:55.843835,2025-06-26,23:38:55,https://www.carsensor.net/usedcar/bNI/s026/index9.html,https://www.carsensor.net/usedcar/detail/AU6236529565/index.html?TRCD=200002&RESTID=CS210610
フェアレディZ,情報なし,3.5 3連サブメーター ETC バックカメラ,66万円,2003(H15),10.6万km,なし,フロアMTモード付5AT,3500CC,2025-06-26T23:38:55.846569,2025-06-26,23:38:55,https://www.carsensor.net/usedcar/bNI/s026/index9.html,https://www.carsensor.net/usedcar/detail/AU5983946681/index.html?TRCD=200002&RESTID=CS210610&LOAN=ZNK
フェアレディZ,情報なし,3.5 タイプF 後期型・6速MT・赤革・純正ナビ・地デジTV,215.6万円,2008(H20),5.2万km,なし,フロア6MT,3500CC,2025-06-26T23:38:55.849269,2025-06-26,23:38:55,https://www.carsensor.net/usedcar/bNI/s026/index9.html,https://www.carsensor.net/usedcar/detail/AU6349835807/index.html?TRCD=200002&RESTID=CS210610&LOAN=TSUJO
フェアレディZ,情報なし,3.5 バージョン ST 後期 ブレンボキャリパー BOSEサウンド,150万円,2008(H20),4.6万km,なし,フロアMTモード付5AT,3500CC,2025-06-26T23:38:55.851981,2025-06-26,23:38:55,https://www.carsensor.net/usedcar/bNI/s026/index9.html,https://www.carsensor.net/usedcar/detail/AU6308433280/index.html?TRCD=200002&RESTID=CS210610
フェアレディZ,情報なし,3.5 バージョン S 6速MT ブレンボキャリパー ETC 革巻ステア,135万円,2005(H17),9.8万km,なし,フロア6MT,3500CC,2025-06-26T23:38:55.854669,2025-06-26,23:38:55,https://www.carsensor.net/usedcar/bNI/s026/index9.html,https://www.carsensor.net/usedcar/detail/AU6251399104/index.html?TRCD=200002&RESTID=CS210610
フェアレディZ,情報なし,3.7 メーカーHDDナビ　バックモニター　Pシフト,281.6万円,2015(H27),3.2万km,なし,フロア7AT,3700CC,2025-06-26T23:38:55.857323,2025-06-26,23:38:55,https://www.carsensor.net/usedcar/bNI/s026/index9.html,https://www.carsensor.net/usedcar/detail/AU6291688341/index.html?TRCD=200002&RESTID=CS210610
フェアレディZ,情報なし,3.5 /1年保証付/社外ナビTV/バックカメラ/ETC,94.8万円,2007(H19),6.2万km,なし,フロアMTモード付5AT,3500CC,2025-06-26T23:38:55.860137,2025-06-26,23:38:55,https://www.carsensor.net/usedcar/bNI/s026/index9.html,https://www.carsensor.net/usedcar/detail/AU6257778236/index.html?TRCD=200002&RESTID=CS210610&LOAN=TSUJO
フェアレディZ,情報なし,3.7 ニスモマフラー　WEDS17AW　車高調 エアロ,209万円,2011(H23),4.9万km,なし,フロアMTモード付7AT,3700CC,2025-06-26T23:38:55.862866,2025-06-26,23:38:55,https://www.carsensor.net/usedcar/bNI/s026/index9.html,https://www.carsensor.net/usedcar/detail/AU6115408241/index.html?TRCD=200002&RESTID=CS210610&LOAN=TSUJO
フェアレディZ,情報なし,3.7 バージョン S 6速MT 純正ナビ フロント・バックカメラ,194万円,2009(H21),11.4万km,なし,フロア6MT,3700CC,2025-06-26T23:38:55.865609,2025-06-26,23:38:55,https://www.carsensor.net/usedcar/bNI/s026/index9.html,https://www.carsensor.net/usedcar/detail/AU6159777495/index.html?TRCD=200002&RESTID=CS210610&LOAN=TSUJO
フェアレディZ,情報なし,3.7 純正HDDナビ・バックモニター・ETC,196.8万円,2009(H21),3.5万km,なし,フロアMTモード付7AT,3700CC,2025-06-26T23:38:55.867820,2025-06-26,23:38:55,https://www.carsensor.net/usedcar/bNI/s026/index9.html,https://www.carsensor.net/usedcar/detail/AU6395939947/index.html?TRCD=200002&RESTID=CS210610&LOAN=TSUJO
フェアレディZ,情報なし,3.0 300ZX 2シーター ノーマルルーフ　5速マニュアル　ETC,260万円,1990(H02),16.3万km,あり,フロア5MT,3000CC,2025-06-26T23:38:55.870535,2025-06-26,23:38:55,https://www.carsensor.net/usedcar/bNI/s026/index9.html,https://www.carsensor.net/usedcar/detail/AU6078547163/index.html?TRCD=200002&RESTID=CS210610&LOAN=TSUJO
フェアレディZ,情報なし,3.7 バージョン S 6速MT ニスモマフラー バックカメラ,232万円,2012(H24),8.5万km,なし,フロア6MT,3700CC,2025-06-26T23:38:55.873258,2025-06-26,23:38:55,https://www.carsensor.net/usedcar/bNI/s026/index9.html,https://www.carsensor.net/usedcar/detail/AU6238330143/index.html?TRCD=200002&RESTID=CS210610&LOAN=TSUJO
フェアレディZ,情報なし,3.0 バージョン S ワンオーナー　純正19インチアルミ,562万円,2024(R06),500km,なし,フロア6MT,3000CC,2025-06-26T23:38:55.875985,2025-06-26,23:38:55,https://www.carsensor.net/usedcar/bNI/s026/index9.html,https://www.carsensor.net/usedcar/detail/AU6300024731/index.html?TRCD=200002&RESTID=CS210610&LOAN=TSUJO
フェアレディZ,情報なし,3.5 バージョン T ナビ/社外アルミ,81万円,2002(H14),9.6万km,なし,フロアMTモード付5AT,3500CC,2025-06-26T23:38:55.878189,2025-06-26,23:38:55,https://www.carsensor.net/usedcar/bNI/s026/index9.html,https://www.carsensor.net/usedcar/detail/VU4658406529/index.html?TRCD=200002&RESTID=CS210610
フェアレディZ,情報なし,3.7 バージョン ST BOSE 北米純正OPアルミ NISMOマフラー,200万円,2011(H23),4.8万km,なし,フロアMTモード付7AT,3700CC,2025-06-26T23:38:55.880901,2025-06-26,23:38:55,https://www.carsensor.net/usedcar/bNI/s026/index9.html,https://www.carsensor.net/usedcar/detail/AU6340292423/index.html?TRCD=200002&RESTID=CS210610
フェアレディZ,情報なし,3.7 バージョン S 純HDDフルセグBT6速MT純19AWPスタート,379.7万円,2019(R01),3.7万km,なし,フロア6MT,3700CC,2025-06-26T23:38:58.596190,2025-06-26,23:38:58,https://www.carsensor.net/usedcar/bNI/s026/index10.html,https://www.carsensor.net/usedcar/detail/AU6270951918/index.html?TRCD=200002&RESTID=CS210610&LOAN=TSUJO
フェアレディZ,情報なし,3.5 バージョン ST 1オーナー 革電動シート シートヒーター,196万円,2006(H18),2万km,なし,フロアMTモード付5AT,3500CC,2025-06-26T23:38:58.599000,2025-06-26,23:38:58,https://www.carsensor.net/usedcar/bNI/s026/index10.html,https://www.carsensor.net/usedcar/detail/AU6069432668/index.html?TRCD=200002&RESTID=CS210610&LOAN=TSUJO
フェアレディZ,情報なし,3.7 バージョン S 6速MT ヴァリスフルエアロ リアウイング,237.9万円,2009(H21),10.6万km,なし,フロア6MT,3700CC,2025-06-26T23:38:58.601778,2025-06-26,23:38:58,https://www.carsensor.net/usedcar/bNI/s026/index10.html,https://www.carsensor.net/usedcar/detail/AU6138614624/index.html?TRCD=200002&RESTID=CS210610&LOAN=TSUJO
フェアレディZ,情報なし,3.7 326powerウイング CROSS SPEED19AW,138万円,2008(H20),8.3万km,なし,フロアMTモード付7AT,3700CC,2025-06-26T23:38:58.604506,2025-06-26,23:38:58,https://www.carsensor.net/usedcar/bNI/s026/index10.html,https://www.carsensor.net/usedcar/detail/AU6374632893/index.html?TRCD=200002&RESTID=CS210610
フェアレディZ,情報なし,3.5 バージョン ST MTモード/ブレンボ/革/BOSE/バックカメラ,103万円,2007(H19),9.3万km,なし,フロアMTモード付5AT,3500CC,2025-06-26T23:38:58.607301,2025-06-26,23:38:58,https://www.carsensor.net/usedcar/bNI/s026/index10.html,https://www.carsensor.net/usedcar/detail/AU6196577308/index.html?TRCD=200002&RESTID=CS210610&LOAN=TSUJO
フェアレディZ,情報なし,3.7 バージョン T パドルシフト/後期型/ナビTV/Bカメラ/BOSE,159万円,2012(H24),7.5万km,なし,フロアMTモード付7AT,3700CC,2025-06-26T23:38:58.610090,2025-06-26,23:38:58,https://www.carsensor.net/usedcar/bNI/s026/index10.html,https://www.carsensor.net/usedcar/detail/AU6251074177/index.html?TRCD=200002&RESTID=CS210610&LOAN=TSUJO
フェアレディZ,情報なし,3.5 バージョン T フジツボマフラー BBS17AW 革電動シート,93万円,2006(H18),5.9万km,なし,フロアMTモード付5AT,3500CC,2025-06-26T23:38:58.612811,2025-06-26,23:38:58,https://www.carsensor.net/usedcar/bNI/s026/index10.html,https://www.carsensor.net/usedcar/detail/AU6297015296/index.html?TRCD=200002&RESTID=CS210610
フェアレディZ,情報なし,3.7 バージョン S 1オーナー 6速MT エアロ ニスモマフラー,246万円,2010(H22),8万km,なし,フロア6MT,3700CC,2025-06-26T23:38:58.615581,2025-06-26,23:38:58,https://www.carsensor.net/usedcar/bNI/s026/index10.html,https://www.carsensor.net/usedcar/detail/AU5982743048/index.html?TRCD=200002&RESTID=CS210610&LOAN=ZNK
フェアレディZ,情報なし,2by2　SKターボ　L20エンジン 2by2　SKターボ　L20エンジン,320万円,1980(S55),9.3万km,なし,フロア5MT,2000CC,2025-06-26T23:38:58.617683,2025-06-26,23:38:58,https://www.carsensor.net/usedcar/bNI/s026/index10.html,https://www.carsensor.net/usedcar/detail/AU5979435660/index.html?TRCD=200002&RESTID=CS210610&LOAN=TSUJO
フェアレディZ,情報なし,3.5 1オーナー 6MT ロックフォードパワーアンプ,180万円,2006(H18),5.2万km,なし,フロア6MT,3500CC,2025-06-26T23:38:58.620361,2025-06-26,23:38:58,https://www.carsensor.net/usedcar/bNI/s026/index10.html,https://www.carsensor.net/usedcar/detail/AU6145232785/index.html?TRCD=200002&RESTID=CS210610
フェアレディZ,情報なし,3.7 バージョン ST カーウイングスナビ BOSE RAYS製19AW,189.9万円,2011(H23),4.4万km,なし,フロアMTモード付7AT,3700CC,2025-06-26T23:38:58.623114,2025-06-26,23:38:58,https://www.carsensor.net/usedcar/bNI/s026/index10.html,https://www.carsensor.net/usedcar/detail/AU6249766494/index.html?TRCD=200002&RESTID=CS210610&LOAN=TSUJO
フェアレディZ,情報なし,3.7 バージョン ST BOSEサウンド 黒半革電動シート ETC,199万円,2012(H24),5.6万km,なし,フロアMTモード付7AT,3700CC,2025-06-26T23:38:58.625910,2025-06-26,23:38:58,https://www.carsensor.net/usedcar/bNI/s026/index10.html,https://www.carsensor.net/usedcar/detail/AU6371522170/index.html?TRCD=200002&RESTID=CS210610
フェアレディZ,情報なし,3.7 バージョン S 6速MT 純正ビッグキャリパー 社外ナビ,245万円,2010(H22),8.1万km,なし,フロア6MT,3700CC,2025-06-26T23:38:58.628663,2025-06-26,23:38:58,https://www.carsensor.net/usedcar/bNI/s026/index10.html,https://www.carsensor.net/usedcar/detail/AU6148545501/index.html?TRCD=200002&RESTID=CS210610&LOAN=TSUJO
フェアレディZ,情報なし,3.5 6速MT 1オーナー ストラーダナビ 純正18AW,195万円,2008(H20),8.4万km,なし,フロア6MT,3500CC,2025-06-26T23:38:58.632737,2025-06-26,23:38:58,https://www.carsensor.net/usedcar/bNI/s026/index10.html,https://www.carsensor.net/usedcar/detail/AU6146916198/index.html?TRCD=200002&RESTID=CS210610
フェアレディZ,情報なし,3.5 バージョン T NUR-SPECマフラー BOSEサウンド,83万円,2006(H18),7.5万km,なし,フロアMTモード付5AT,3500CC,2025-06-26T23:38:58.635796,2025-06-26,23:38:58,https://www.carsensor.net/usedcar/bNI/s026/index10.html,https://www.carsensor.net/usedcar/detail/AU6376254401/index.html?TRCD=200002&RESTID=CS210610
フェアレディZ,情報なし,3.7 NISMO ドラレコ前後　フォグランプ　バックカメラ,371.1万円,2017(H29),7.1万km,なし,フロア6MT,3700CC,2025-06-26T23:38:58.637854,2025-06-26,23:38:58,https://www.carsensor.net/usedcar/bNI/s026/index10.html,https://www.carsensor.net/usedcar/detail/AU6395647755/index.html?TRCD=200002&RESTID=CS210610
フェアレディZ,情報なし,3.7 バージョン ST 1オーナー 6速MT BOSEサウンド 半革Pシート,256万円,2009(H21),3.5万km,なし,フロア6MT,3700CC,2025-06-26T23:38:58.640634,2025-06-26,23:38:58,https://www.carsensor.net/usedcar/bNI/s026/index10.html,https://www.carsensor.net/usedcar/detail/AU6028002340/index.html?TRCD=200002&RESTID=CS210610&LOAN=ZNK
フェアレディZ,情報なし,3.7 パドルシフト バックカメラHIDヘッドライト,140.4万円,2014(H26),15.2万km,なし,フロアMTモード付7AT,3700CC,2025-06-26T23:38:58.643366,2025-06-26,23:38:58,https://www.carsensor.net/usedcar/bNI/s026/index10.html,https://www.carsensor.net/usedcar/detail/AU6378057440/index.html?TRCD=200002&RESTID=CS210610&LOAN=TSUJO
フェアレディZ,情報なし,3.0 バージョン ST 登録済未使用車　BOSEサウンド　Bカメラ,667.6万円,2024(R06),12km,なし,フロア6MT,3000CC,2025-06-26T23:38:58.645549,2025-06-26,23:38:58,https://www.carsensor.net/usedcar/bNI/s026/index10.html,https://www.carsensor.net/usedcar/detail/AU5784120596/index.html?TRCD=200002&RESTID=CS210610&LOAN=TSUJO
フェアレディZ,情報なし,3.7 バージョン S 6速MT 1オーナー バックカメラ 鍛造AW,260万円,2010(H22),7.3万km,なし,フロア6MT,3700CC,2025-06-26T23:38:58.648289,2025-06-26,23:38:58,https://www.carsensor.net/usedcar/bNI/s026/index10.html,https://www.carsensor.net/usedcar/detail/AU6148545833/index.html?TRCD=200002&RESTID=CS210610&LOAN=TSUJO
フェアレディZ,情報なし,3.5 バージョン T 保証付き車検整備付き,82万円,2002(H14),7.5万km,なし,フロアMTモード付5AT,3500CC,2025-06-26T23:38:58.650380,2025-06-26,23:38:58,https://www.carsensor.net/usedcar/bNI/s026/index10.html,https://www.carsensor.net/usedcar/detail/AU6407005334/index.html?TRCD=200002&RESTID=CS210610
フェアレディZ,情報なし,3.5 バージョン ST SSRアルミ BRITZ車高調 シートヒーター,120.8万円,2002(H14),12.6万km,なし,フロア6MT,3490CC,2025-06-26T23:38:58.653160,2025-06-26,23:38:58,https://www.carsensor.net/usedcar/bNI/s026/index10.html,https://www.carsensor.net/usedcar/detail/AU6407320258/index.html?TRCD=200002&RESTID=CS210610&LOAN=TSUJO
フェアレディZ,情報なし,3.5 バージョン ST 6速MT ブレンボキャリパー 社外ナビ,135万円,2006(H18),9.5万km,なし,フロア6MT,3500CC,2025-06-26T23:38:58.655821,2025-06-26,23:38:58,https://www.carsensor.net/usedcar/bNI/s026/index10.html,https://www.carsensor.net/usedcar/detail/AU6295369971/index.html?TRCD=200002&RESTID=CS210610
フェアレディZ,情報なし,3.7 バージョン ST カーウイングスナビ BOSE RAYS製19AW HID,159.9万円,2012(H24),7.8万km,なし,フロアMTモード付7AT,3700CC,2025-06-26T23:38:58.658557,2025-06-26,23:38:58,https://www.carsensor.net/usedcar/bNI/s026/index10.html,https://www.carsensor.net/usedcar/detail/AU6249769064/index.html?TRCD=200002&RESTID=CS210610&LOAN=TSUJO
フェアレディZ,情報なし,3.7 バージョン ST 6速MT BOSEサウンド 黒半革電動シート,210万円,2009(H21),8.7万km,なし,フロア6MT,3700CC,2025-06-26T23:38:58.661226,2025-06-26,23:38:58,https://www.carsensor.net/usedcar/bNI/s026/index10.html,https://www.carsensor.net/usedcar/detail/AU6280493415/index.html?TRCD=200002&RESTID=CS210610
フェアレディZ,情報なし,3.5 /カーナビ/ETC/エンケイアルミ,65万円,2003(H15),7.4万km,なし,フロアMTモード付5AT,3500CC,2025-06-26T23:38:58.663372,2025-06-26,23:38:58,https://www.carsensor.net/usedcar/bNI/s026/index10.html,https://www.carsensor.net/usedcar/detail/AU6288714821/index.html?TRCD=200002&RESTID=CS210610&LOAN=TSUJO
フェアレディZ,情報なし,3.0 禁煙車　BOSEサウンドシステム,739万円,2024(R06),12km,なし,フロアMTモード付9AT,3000CC,2025-06-26T23:38:58.666113,2025-06-26,23:38:58,https://www.carsensor.net/usedcar/bNI/s026/index10.html,https://www.carsensor.net/usedcar/detail/AU6386289515/index.html?TRCD=200002&RESTID=CS210610&LOAN=TSUJO
フェアレディZ,情報なし,3.5 バージョン T 8インチナビ バックカメラ ドラレコ,78万円,2005(H17),9.6万km,なし,フロアMTモード付5AT,3500CC,2025-06-26T23:38:58.668810,2025-06-26,23:38:58,https://www.carsensor.net/usedcar/bNI/s026/index10.html,https://www.carsensor.net/usedcar/detail/AU6328779457/index.html?TRCD=200002&RESTID=CS210610&LOAN=TSUJO
フェアレディZ,情報なし,3.7 バージョン ST 純正ナビ/バックカメラ/BOSEサウンド,199.5万円,2013(H25),4.7万km,なし,フロア7AT,3700CC,2025-06-26T23:38:58.671024,2025-06-26,23:38:58,https://www.carsensor.net/usedcar/bNI/s026/index10.html,https://www.carsensor.net/usedcar/detail/AU6296534992/index.html?TRCD=200002&RESTID=CS210610&LOAN=TSUJO
フェアレディZ,情報なし,3.5 35thアニバーサリー 6速MT 社外Hライト 社外マフラー 車高調,269万円,2005(H17),1.8万km,なし,フロア6MT,3500CC,2025-06-26T23:38:58.673722,2025-06-26,23:38:58,https://www.carsensor.net/usedcar/bNI/s026/index10.html,https://www.carsensor.net/usedcar/detail/AU6399204342/index.html?TRCD=200002&RESTID=CS210610
